year,e_pop_num,e_inc_100k,e_prev_100k
1990,11731193,189,327
1991,12612043,189,359
1992,13811876,189,387
1993,15175325,189,412
1994,16485018,189,431
1995,17586073,189,447
1996,18415307,189,461
1997,19021226,189,469
1998,19496836,189,474
1999,19987071,189,465
2000,20595360,189,449
2001,21347782,189,431
2002,22202806,189,416
2003,23116142,189,396
2004,24018682,189,380
2005,24860855,189,369
2006,25631282,189,360
2007,26349243,189,354
2008,27032197,189,350
2009,27708187,189,348
2010,28397812,189,350
2011,29105480,189,352
2012,29824536,189,358
1990,3446882,24,36
1991,3459763,24,35
1992,3446858,24,34
1993,3417280,24,33
1994,3384367,24,33
1995,3357858,24,32
1996,3341043,24,32
1997,3331317,24,32
1998,3325456,26,36
1999,3317941,27,41
2000,3304948,23,30
2001,3286084,21,26
2002,3263596,23,31
2003,3239385,21,29
2004,3216197,21,30
2005,3196130,20,27
2006,3179573,18,25
2007,3166222,17,22
2008,3156608,17,22
2009,3151185,17,24
2010,3150143,17,24
2011,3153883,17,23
2012,3162083,16,22
1990,26239708,66,112
1991,26893663,62,102
1992,27535151,61,98
1993,28157560,70,119
1994,28752749,69,113
1995,29315463,68,110
1996,29845208,76,128
1997,30345466,81,138
1998,30820435,74,118
1999,31276295,79,129
2000,31719449,87,148
2001,32150198,84,139
2002,32572977,86,142
2003,33003442,88,146
2004,33461345,87,143
2005,33960903,93,156
2006,34507214,90,150
2007,35097043,90,150
2008,35725377,85,138
2009,36383302,89,147
2010,37062820,90,151
2011,37762962,90,152
2012,38481705,89,152
1990,47044,26,46
1991,48379,8.3,11
1992,49597,2.7,9.3
1993,50725,10,16
1994,51807,10,17
1995,52874,12,21
1996,53926,13,25
1997,54942,15,29
1998,55899,7.2,10
1999,56768,9.4,16
2000,57522,6.9,9.4
2001,58176,6.8,8.9
2002,58729,4.5,6.7
2003,59117,6.6,7.6
2004,59262,11,18
2005,59117,13,23
2006,58652,8.3,12
2007,57919,6.1,8.1
2008,57053,6,8.1
2009,56245,7.9,11
2010,55636,7.8,11
2011,55274,7.8,12
2012,55128,7.3,11
1990,54511,49,62
1991,56674,49,66
1992,58904,41,51
1993,61003,28,38
1994,62707,44,66
1995,63854,37,51
1996,64274,30,40
1997,64090,34,53
1998,63799,14,23
1999,64084,18,20
2000,65399,21,31
2001,68000,17,24
2002,71639,8,13
2003,75643,17,25
2004,79060,10,12
2005,81223,14,21
2006,81877,17,29
2007,81292,7.1,9.9
2008,79969,5.8,9.5
2009,78659,12,18
2010,77907,10,14
2011,77865,4.4,9
2012,78360,13,21
1990,10333844,205,378
1991,10652727,209,401
1992,11002758,214,424
1993,11372156,218,439
1994,11743432,222,451
1995,12104952,226,458
1996,12451945,231,459
1997,12791388,236,456
1998,13137542,240,450
1999,13510616,245,441
2000,13924930,250,421
2001,14385283,255,405
2002,14886574,260,393
2003,15421075,265,370
2004,15976715,270,359
2005,16544376,276,347
2006,17122409,281,353
2007,17712824,287,362
2008,18314441,292,373
2009,18926650,298,389
2010,19549124,304,411
2011,20180490,310,447
2012,20820525,316,474
1990,8334,24,60
1991,8668,24,56
1992,8979,24,52
1993,9266,24,50
1994,9540,23,48
1995,9807,23,47
1996,10063,23,48
1997,10305,23,50
1998,10545,23,52
1999,10797,23,54
2000,11071,23,56
2001,11371,22,56
2002,11693,22,56
2003,12023,22,55
2004,12342,22,55
2005,12637,22,54
2006,12903,22,53
2007,13145,22,52
2008,13365,22,51
2009,13571,21,51
2010,13768,21,50
2011,13956,21,50
2012,14132,21,49
1990,61906,1.9,2.8
1991,62412,0,3.5
1992,63434,11,22
1993,64868,7.3,13
1994,66550,3.6,4.7
1995,68349,0,4.8
1996,70245,4.9,6.2
1997,72232,6.4,10
1998,74206,6.2,9.9
1999,76041,4.5,5.9
2000,77648,5.9,9.3
2001,78972,1.5,4.3
2002,80030,5.7,9
2003,80904,1.4,4.2
2004,81718,4.9,6.9
2005,82565,8.4,9.4
2006,83467,5.5,3.8
2007,84397,2.7,4.8
2008,85349,1.3,4.8
2009,86300,4,5.4
2010,87233,9.2,5.3
2011,88152,7.8,6.8
2012,89069,3.9,4.8
1990,32624874,60,102
1991,33075194,57,95
1992,33520803,55,89
1993,33961947,53,83
1994,34399343,51,79
1995,34833168,49,74
1996,35264070,47,70
1997,35690778,45,67
1998,36109342,44,64
1999,36514558,42,62
2000,36903067,40,59
2001,37273361,39,57
2002,37627545,37,54
2003,37970411,36,51
2004,38308779,35,49
2005,38647854,33,48
2006,38988923,32,46
2007,39331357,31,45
2008,39676083,30,43
2009,40023641,28,42
2010,40374224,27,40
2011,40728738,26,38
2012,41086927,25,36
1990,3544695,18,28
1991,3511912,21,33
1992,3449497,24,38
1993,3369673,29,44
1994,3289943,33,51
1995,3223173,38,59
1996,3173425,43,67
1997,3137652,49,76
1998,3112958,54,84
1999,3093820,58,89
2000,3076098,61,93
2001,3059960,65,101
2002,3047002,69,107
2003,3036032,73,111
2004,3025652,75,114
2005,3014917,77,118
2006,3002911,77,118
2007,2989882,76,114
2008,2977488,73,110
2009,2968154,69,102
2010,2963496,62,92
2011,2964120,55,79
2012,2969081,52,79
1990,62148,16,20
1991,64623,16,20
1992,68235,16,20
1993,72498,16,20
1994,76700,16,20
1995,80326,16,20
1996,83195,16,20
1997,85447,16,20
1998,87276,16,20
1999,89004,16,20
2000,90858,16,20
2001,92894,16,20
2002,94995,16,20
2003,97015,16,20
2004,98742,16,20
2005,100031,16,20
2006,100830,16,20
2007,101219,16,20
2008,101344,16,20
2009,101418,16,20
2010,101597,16,20
2011,101932,16,20
2012,102384,16,20
1990,17096869,6.8,9.7
1991,17321654,6.3,8.2
1992,17528564,6.6,9
1993,17724669,6.4,8.4
1994,17920592,6.8,9.3
1995,18124234,6.8,9.4
1996,18339037,6.9,9.9
1997,18563442,7.1,10
1998,18794552,5.5,6.6
1999,19027438,6.5,9.1
2000,19259377,6.2,8.7
2001,19487257,5.8,7.8
2002,19714625,5.9,8.1
2003,19953121,5.5,7
2004,20218481,6.1,8.5
2005,20520736,5.9,7.8
2006,20865583,6.4,9.1
2007,21246274,6.1,8.1
2008,21645095,6.5,9
2009,22037143,6.8,9.7
2010,22404488,6.5,8.8
2011,22740536,6.3,8.2
2012,23050471,6.5,8.8
1990,7670001,23,33
1991,7726437,21,30
1992,7797197,20,27
1993,7872361,19,23
1994,7938225,18,23
1995,7985372,21,32
1996,8009345,19,25
1997,8014124,20,29
1998,8009051,19,27
1999,8007843,16,20
2000,8020262,17,25
2001,8049440,14,19
2002,8091804,15,21
2003,8142322,13,18
2004,8193157,13,17
2005,8238604,13,19
2006,8277393,12,17
2007,8311463,11,16
2008,8342129,10,14
2009,8371711,9.4,13
2010,8401924,9,12
2011,8432890,9.2,13
2012,8463948,7.9,11
1990,7216503,305,744
1991,7332519,384,949
1992,7450920,458,1145
1993,7567156,527,1321
1994,7675128,587,1475
1995,7770806,637,1598
1996,7852273,678,1704
1997,7921745,708,1771
1998,7984460,719,1795
1999,8047936,710,1769
2000,8117742,682,1693
2001,8195427,633,1558
2002,8279768,567,1386
2003,8370169,496,1202
2004,8465127,416,993
2005,8563398,335,776
2006,8665006,271,605
2007,8770122,225,479
2008,8877669,185,370
2009,8986266,154,286
2010,9094718,131,221
2011,9202432,113,172
2012,9308959,95,124
1990,256338,21,22
1991,261102,23,24
1992,266097,27,29
1993,271105,25,24
1994,275820,33,34
1995,280050,23,23
1996,283678,24,23
1997,286845,35,37
1998,289926,30,29
1999,293442,30,30
2000,297759,32,34
2001,303005,23,22
2002,309039,16,17
2003,315624,14,15
2004,322400,19,20
2005,329088,17,17
2006,335622,21,24
2007,342049,15,16
2008,348340,16,18
2009,354492,15,16
2010,360498,9.9,10
2011,366331,13,16
2012,371960,9.9,11
1990,495944,27,33
1991,509645,32,46
1992,522751,31,49
1993,535711,24,38
1994,549170,15,16
1995,563730,8.8,14
1996,579697,9.7,14
1997,597400,8.7,15
1998,617537,15,17
1999,640913,26,39
2000,668239,36,56
2001,698749,31,39
2002,732541,30,34
2003,772058,39,54
2004,820505,34,45
2005,879534,37,48
2006,950951,34,42
2007,1032353,33,44
2008,1116038,31,42
2009,1191539,31,46
2010,1251513,23,27
2011,1292764,20,25
2012,1317827,20,29
1990,107385847,225,525
1991,109934590,225,528
1992,112430968,225,525
1993,114897543,225,523
1994,117369492,225,520
1995,119869585,225,518
1996,122400896,225,516
1997,124945315,225,513
1998,127478524,225,510
1999,129966823,225,507
2000,132383265,225,507
2001,134729503,225,503
2002,137006279,225,495
2003,139185986,225,489
2004,141235035,225,479
2005,143135180,225,469
2006,144868702,225,460
2007,146457067,225,454
2008,147969967,225,447
2009,149503100,225,442
2010,151125475,225,437
2011,152862431,225,435
2012,154695368,225,434
1990,259336,2.2,2.6
1991,260175,2.2,2.8
1992,260963,2.6,4.1
1993,261714,2.2,3.2
1994,262441,1.8,2.3
1995,263165,1.3,1.5
1996,263884,1.3,1.4
1997,264606,2.2,3.4
1998,265370,3,5.1
1999,266220,0.86,1.6
2000,267190,1.3,2.1
2001,268296,2.6,2.7
2002,269524,2.1,3.1
2003,270844,5.1,6.4
2004,272205,8,11
2005,273568,5.1,5.7
2006,274923,2.1,3.6
2007,276277,6.7,9
2008,277634,1.2,2.7
2009,279006,0.82,2.1
2010,280396,2.5,2.8
2011,281804,0,0.79
2012,283221,1.6,1.8
1990,10259860,34,51
1991,10270813,42,61
1992,10265144,49,71
1993,10246346,56,81
1994,10219676,62,91
1995,10189075,68,106
1996,10156258,74,116
1997,10120556,80,126
1998,10080772,84,132
1999,10034775,85,132
2000,9981460,84,130
2001,9920173,82,125
2002,9852866,77,117
2003,9784111,74,112
2004,9719991,73,111
2005,9664714,72,109
2006,9620359,71,108
2007,9585368,71,107
2008,9555801,70,106
2009,9525785,70,107
2010,9491070,70,107
2011,9450391,70,107
2012,9405097,70,108
1990,9978241,18,26
1991,10011073,17,23
1992,10049941,15,19
1993,10091158,17,24
1994,10129627,17,25
1995,10161914,16,21
1996,10186767,15,21
1997,10205970,14,19
1998,10222896,14,17
1999,10242449,13,15
2000,10268380,14,20
2001,10300775,15,21
2002,10338969,13,19
2003,10384953,12,15
2004,10440977,12,17
2005,10508080,12,16
2006,10587731,11,15
2007,10678058,10,13
2008,10772572,10,13
2009,10862441,11,15
2010,10941288,11,15
2011,11006632,10,14
2012,11060095,9.7,13
1990,187552,40,55
1991,191368,40,52
1992,194894,40,48
1993,198420,40,45
1994,202348,40,47
1995,206962,40,49
1996,212375,40,50
1997,218484,40,52
1998,225083,40,53
1999,231860,40,53
2000,238586,40,52
2001,245198,40,51
2002,251766,40,47
2003,258346,40,43
2004,265040,40,45
2005,271920,40,48
2006,278985,40,50
2007,286196,40,51
2008,293544,40,53
2009,301016,40,53
2010,308595,40,53
2011,316280,40,52
2012,324060,40,51
1990,5001271,128,195
1991,5182525,120,179
1992,5378226,113,168
1993,5582420,108,158
1994,5786794,103,152
1995,5985658,100,149
1996,6176318,97,146
1997,6361301,94,145
1998,6546493,92,141
1999,6740491,89,138
2000,6949366,86,134
2001,7174911,83,128
2002,7414744,80,124
2003,7665681,78,120
2004,7922796,76,116
2005,8182362,74,113
2006,8443671,70,107
2007,8707490,69,106
2008,8973293,71,110
2009,9240783,70,108
2010,9509798,69,107
2011,9779795,70,109
2012,10050702,70,110
1990,59798,0,3.9
1991,60152,5.7,8.5
1992,60485,7.6,13
1993,60801,7.6,13
1994,61106,7.5,13
1995,61407,7.5,13
1996,61703,0,3.6
1997,61992,7.4,16
1998,62276,0,1.3
1999,62557,0,1
2000,62837,0,1.2
2001,63116,0,1.6
2002,63393,0,2.8
2003,63661,5.4,7.8
2004,63911,11,20
2005,64137,8.1,13
2006,64337,5.4,6.4
2007,64512,4.5,5.3
2008,64667,3.6,4.9
2009,64812,2.7,4.4
2010,64951,1.8,3.8
2011,65086,1.8,3
2012,65216,5.3,11
1990,535738,784,1860
1991,534905,733,1707
1992,528304,686,1560
1993,519056,641,1425
1994,511588,600,1298
1995,509105,561,1185
1996,512594,525,1070
1997,521146,491,952
1998,533737,459,860
1999,548599,429,796
2000,564350,402,754
2001,580888,376,713
2002,598455,351,666
2003,616383,329,625
2004,633893,307,580
2005,650417,287,536
2006,665568,269,490
2007,679365,251,444
2008,692159,235,400
2009,704542,220,357
2010,716939,206,313
2011,729429,192,269
2012,741822,180,225
1990,6794046,251,419
1991,6956736,244,404
1992,7123294,236,390
1993,7292745,229,377
1994,7463773,222,364
1995,7635362,215,352
1996,7806953,209,340
1997,7978521,202,327
1998,8150214,196,316
1999,8322408,190,307
2000,8495271,184,299
2001,8669066,179,291
2002,8843350,173,282
2003,9016787,168,272
2004,9187610,163,265
2005,9354709,158,258
2006,9517395,153,251
2007,9676456,148,245
2008,9834098,144,240
2009,9993406,140,233
2010,10156601,135,227
2011,10324445,131,221
2012,10496285,127,215
2010,17616,0,
2011,18194,6.3,8.1
2012,18694,0,
1990,4526511,94,145
1991,4373715,92,147
1992,4143068,93,152
1993,3882548,92,150
1994,3659409,89,143
1995,3520996,84,131
1996,3485575,83,121
1997,3535998,81,107
1998,3640821,79,95
1999,3752004,71,78
2000,3834364,63,73
2001,3879353,58,68
2002,3897579,56,64
2003,3895779,55,60
2004,3886723,53,60
2005,3879828,52,59
2006,3875157,52,60
2007,3868665,51,61
2008,3861201,51,63
2009,3853446,50,65
2010,3845929,50,67
2011,3839322,49,70
2012,3833916,49,73
1990,1383912,533,915
1991,1424513,612,971
1992,1465072,683,987
1993,1505303,748,978
1994,1544865,804,955
1995,1583453,855,925
1996,1620989,900,891
1997,1657349,931,851
1998,1692148,941,811
1999,1724924,938,768
2000,1755375,918,720
2001,1783349,882,662
2002,1808976,845,621
2003,1832602,810,595
2004,1854739,773,582
2005,1875805,733,579
2006,1895944,690,553
2007,1915187,645,513
2008,1933719,596,460
2009,1951715,545,433
2010,1969341,503,411
2011,1986701,455,380
2012,2003910,408,343
1990,149648341,84,140
1991,152153539,81,131
1992,154597985,78,123
1993,157011131,76,116
1994,159432909,73,109
1995,161890816,71,103
1996,164392423,69,98
1997,166925457,67,94
1998,169472347,64,91
1999,172006362,62,87
2000,174504898,60,84
2001,176968205,58,80
2002,179393768,57,76
2003,181752951,55,72
2004,184010283,53,68
2005,186142403,51,66
2006,188134315,50,62
2007,189996976,48,60
2008,191765567,47,57
2009,193490922,50,64
2010,195210154,46,58
2011,196935134,48,62
2012,198656019,46,59
1990,16459,17,23
1991,16937,17,22
1992,17343,17,22
1993,17700,17,22
1994,18051,17,22
1995,18425,17,23
1996,18834,17,24
1997,19270,18,27
1998,19726,14,19
1999,20186,9.7,11
2000,20643,5.6,8.4
2001,21084,5.5,6.8
2002,21518,5.3,6.4
2003,21982,5.2,7.6
2004,22522,10,21
2005,23169,0,2.7
2006,23942,0,2.3
2007,24815,0,1.9
2008,25716,1.4,1.6
2009,26542,2.8,5.5
2010,27223,4.2,9.2
2011,27730,0,0.97
2012,28088,0,1
1990,256929,64,78
1991,264332,70,93
1992,271935,76,109
1993,279652,66,83
1994,287370,64,77
1995,295003,63,71
1996,302511,61,69
1997,309904,59,72
1998,317214,76,94
1999,324501,96,143
2000,331801,106,165
2001,339114,73,84
2002,346407,76,97
2003,353649,68,85
2004,360797,59,76
2005,367815,51,64
2006,374697,62,82
2007,381440,63,91
2008,388017,66,99
2009,394400,62,86
2010,400569,68,99
2011,406512,65,87
2012,412238,68,90
1990,8821111,33,48
1991,8745409,41,62
1992,8653532,48,75
1993,8552438,54,86
1994,8451634,59,95
1995,8358116,62,101
1996,8274592,63,102
1997,8199715,62,97
1998,8131424,60,94
1999,8065947,59,91
2000,8000510,58,88
2001,7934973,58,88
2002,7870488,58,90
2003,7806995,57,90
2004,7744575,56,86
2005,7683264,53,81
2006,7622852,50,76
2007,7563141,48,70
2008,7504206,44,64
2009,7446197,41,58
2010,7389175,38,53
2011,7333122,35,48
2012,7277831,32,43
1990,8811033,87,132
1991,9050090,87,130
1992,9297116,87,128
1993,9552473,86,126
1994,9816586,84,124
1995,10089876,82,121
1996,10372562,79,118
1997,10664982,78,115
1998,10967836,75,112
1999,11281942,73,110
2000,11607944,71,108
2001,11946080,69,107
2002,12296399,67,104
2003,12659086,65,101
2004,13034258,64,99
2005,13421929,62,97
2006,13822257,66,105
2007,14235075,62,97
2008,14659646,61,96
2009,15094967,59,93
2010,15540284,58,89
2011,15995313,57,88
2012,16460141,54,82
1990,5605873,162,263
1991,5749774,189,314
1992,5882679,222,372
1993,6003704,259,431
1994,6112449,293,477
1995,6209923,321,510
1996,6294482,337,520
1997,6369573,337,505
1998,6447672,327,478
1999,6545273,308,442
2000,6674286,288,408
2001,6839376,266,373
2002,7037727,244,342
2003,7264340,228,323
2004,7510771,211,303
2005,7770392,198,289
2006,8042579,183,268
2007,8328312,171,253
2008,8624280,159,237
2009,8926687,150,226
2010,9232753,144,219
2011,9540362,139,214
2012,9849569,130,199
1990,351960,175,340
1991,359642,174,337
1992,368873,172,334
1993,379100,171,332
1994,389504,169,329
1995,399477,168,326
1996,408790,166,325
1997,417562,165,324
1998,425932,163,323
1999,434168,162,318
2000,442426,160,311
2001,450812,159,306
2002,459140,157,301
2003,466939,156,298
2004,473577,155,293
2005,478651,153,288
2006,481940,152,283
2007,483713,151,278
2008,484651,149,272
2009,485714,148,264
2010,487601,147,257
2011,490556,145,248
2012,494401,144,237
1990,9057339,580,1667
1991,9378185,579,1667
1992,9721775,579,1667
1993,10077404,579,1667
1994,10430268,578,1667
1995,10769198,578,1667
1996,11090611,578,1667
1997,11395958,577,1667
1998,11685332,577,1667
1999,11960467,577,1651
2000,12222871,577,1619
2001,12472586,571,1571
2002,12709336,560,1511
2003,12934369,543,1411
2004,13149386,526,1318
2005,13356424,510,1231
2006,13555054,494,1150
2007,13747288,479,1074
2008,13940518,465,1003
2009,14144225,451,937
2010,14364931,437,875
2011,14605862,424,817
2012,14864646,411,764
1990,12070359,112,195
1991,12430339,123,229
1992,12796831,137,268
1993,13169247,157,311
1994,13546948,181,360
1995,13929575,206,404
1996,14316949,231,441
1997,14709426,255,471
1998,15107909,277,493
1999,15513653,296,505
2000,15927713,310,504
2001,16350440,317,496
2002,16782044,320,480
2003,17223277,319,460
2004,17674960,317,441
2005,18137734,312,432
2006,18611937,306,415
2007,19097676,297,395
2008,19595026,273,361
2009,20103945,268,354
2010,20624343,274,366
2011,21156272,243,320
2012,21699631,238,319
1990,27657790,8.3,11
1991,28009467,8.3,11
1992,28349228,8.6,12
1993,28676325,8.1,11
1994,28991240,8.2,11
1995,29294899,7.7,10
1996,29586368,7.3,9.3
1997,29866502,7.7,11
1998,30140562,6.9,9.1
1999,30415664,6.9,9.3
2000,30697425,6.5,8.5
2001,30986788,6.6,9
2002,31283746,6.1,8.2
2003,31591631,5.9,7.9
2004,31914080,5.6,7.2
2005,32253092,5.5,7.3
2006,32610984,5.4,7.2
2007,32985806,5.3,7
2008,33369898,5.4,7.3
2009,33752618,5.3,7.4
2010,34126240,4.6,5.7
2011,34487414,4.8,6.3
2012,34837978,4.6,6.1
1990,25009,9.2,12
1991,26211,13,20
1992,27402,13,20
1993,28652,8,9.9
1994,30055,7.6,10
1995,31672,7.3,10
1996,33535,0,5.8
1997,35596,0,5.5
1998,37742,9.1,16
1999,39810,5.8,8.2
2000,41685,14,28
2001,43317,2.7,4.5
2002,44742,0,3.4
2003,46032,0,1.8
2004,47299,2.4,5
2005,48623,1.2,2.2
2006,50026,0,0.85
2007,51472,2.2,3.7
2008,52912,2.2,2.4
2009,54275,4.2,6.3
2010,55509,8.3,15
2011,56601,4.1,8
2012,57570,12,18
1990,2912824,861,1363
1991,2979588,932,1422
1992,3050789,1011,1497
1993,3125144,1086,1577
1994,3200633,1149,1638
1995,3275695,1198,1683
1996,3350299,1227,1709
1997,3424733,1222,1690
1998,3498140,1194,1652
1999,3569523,1139,1579
2000,3638316,1071,1495
2001,3704045,993,1398
2002,3767248,914,1301
2003,3829636,838,1204
2004,3893595,762,1107
2005,3960897,690,1003
2006,4032102,623,913
2007,4106897,561,823
2008,4185106,511,756
2009,4266247,469,702
2010,4349921,433,637
2011,4436217,400,579
2012,4525209,367,520
1990,5951574,95,157
1991,6142558,101,175
1992,6338934,108,187
1993,6542419,115,206
1994,6755540,122,217
1995,6980351,128,228
1996,7216321,135,237
1997,7463347,140,244
1998,7724316,144,249
1999,8002899,148,252
2000,8301151,151,252
2001,8620917,153,252
2002,8959964,154,252
2003,9311234,153,251
2004,9665024,151,246
2005,10014413,150,243
2006,10356822,150,243
2007,10694366,151,243
2008,11030628,151,241
2009,11371325,151,242
2010,11720781,151,237
2011,12080037,151,229
2012,12448175,151,221
1990,13213930,54,76
1991,13456476,47,64
1992,13706485,45,62
1993,13958378,38,50
1994,14204726,34,42
1995,14440103,33,44
1996,14662323,33,47
1997,14872458,30,42
1998,15072409,28,39
1999,15265536,26,36
2000,15454402,22,30
2001,15639289,22,31
2002,15819522,18,22
2003,15995658,16,19
2004,16168241,19,27
2005,16337749,18,25
2006,16504530,18,25
2007,16668892,17,23
2008,16831184,17,23
2009,16991729,16,22
2010,17150760,16,21
2011,17308449,16,22
2012,17464814,16,21
1990,1165428967,153,215
1991,1183008409,148,212
1992,1198875063,143,208
1993,1213103674,138,204
1994,1225921585,133,200
1995,1237531429,129,195
1996,1247897092,125,191
1997,1257021784,120,186
1998,1265222536,116,181
1999,1272915272,113,176
2000,1280428583,109,170
2001,1287890449,105,165
2002,1295322020,102,159
2003,1302810258,98,153
2004,1310414386,95,146
2005,1318176835,92,140
2006,1326146433,89,133
2007,1334343509,86,126
2008,1342732604,83,119
2009,1351247555,80,112
2010,1359821465,78,108
2011,1368440300,75,104
2012,1377064907,73,99
1990,5794034,129,169
1991,5855870,123,155
1992,5911054,127,165
1993,5969419,126,163
1994,6044449,120,150
1995,6144498,116,142
1996,6275363,119,151
1997,6430651,126,172
1998,6591717,134,193
1999,6732627,96,108
2000,6835301,101,120
2001,6892752,113,154
2002,6912079,104,136
2003,6906631,98,135
2004,6896523,95,128
2005,6896686,94,130
2006,6910671,92,127
2007,6934748,89,122
2008,6967866,92,132
2009,7006930,85,117
2010,7049514,81,110
2011,7096359,77,103
2012,7148493,77,108
1990,359735,110,167
1991,369484,102,137
1992,377799,89,101
1993,385041,85,109
1994,391783,99,115
1995,398459,116,137
1996,405231,162,245
1997,412031,160,235
1998,418810,128,151
1999,425448,124,147
2000,431907,120,151
2001,438080,122,168
2002,444150,100,122
2003,450711,96,127
2004,458542,85,103
2005,468149,98,141
2006,479808,99,147
2007,493206,89,126
2008,507528,89,129
2009,521617,76,95
2010,534626,85,119
2011,546278,80,108
2012,556783,83,117
1990,33306941,54,85
1991,33957286,52,86
1992,34608171,51,86
1993,35260456,50,86
1994,35915434,49,85
1995,36573895,48,83
1996,37236124,47,81
1997,37901358,46,78
1998,38568056,45,76
1999,39234115,44,72
2000,39897984,43,68
2001,40558648,42,65
2002,41216304,41,64
2003,41872051,40,62
2004,42527623,39,60
2005,43184026,38,58
2006,43841370,38,57
2007,44498390,37,56
2008,45153037,36,54
2009,45802561,35,52
2010,46444798,34,51
2011,47078792,34,49
2012,47704427,33,48
1990,412790,54,93
1991,422969,52,89
1992,433286,50,85
1993,443820,49,82
1994,454665,47,79
1995,465895,46,75
1996,477548,44,72
1997,489627,43,68
1998,502128,41,65
1999,515028,40,64
2000,528312,39,64
2001,541976,38,65
2002,556028,37,65
2003,570491,37,66
2004,585389,36,66
2005,600733,36,67
2006,616526,36,65
2007,632736,35,62
2008,649291,34,65
2009,666097,33,63
2010,683081,33,62
2011,700216,34,64
2012,717503,34,62
1990,2383283,169,323
1991,2447020,188,332
1992,2511819,200,333
1993,2578424,215,337
1994,2647817,229,342
1995,2720633,245,352
1996,2797572,258,358
1997,2878333,277,374
1998,2961357,299,398
1999,3044444,324,423
2000,3126204,353,455
2001,3205636,382,495
2002,3283719,408,537
2003,3363418,425,572
2004,3448868,430,584
2005,3542867,425,580
2006,3646653,414,576
2007,3758858,403,561
2008,3876475,399,559
2009,3995146,395,560
2010,4111715,391,557
2011,4225359,387,548
2012,4337051,381,530
1990,17613,0,12
1991,17730,6.5,14
1992,17909,39,76
1993,18103,32,58
1994,18250,25,41
1995,18305,13,17
1996,18244,6.3,15
1997,18093,13,17
1998,17915,0,8.7
1999,17806,19,39
2000,17826,6.5,7.6
2001,18003,13,23
2002,18308,6.3,7.2
2003,18690,0,6
2004,19072,6,8
2005,19399,5.9,7.5
2006,19656,5.9,6.9
2007,19858,8.7,14
2008,20016,11,21
2009,20153,11,21
2010,20284,0,6
2011,20409,5.6,7.4
2012,20523,5.6,7.2
1990,3078551,48,118
1991,3155979,47,111
1992,3233568,46,105
1993,3312307,45,99
1994,3393575,44,92
1995,3478197,43,87
1996,3566605,41,80
1997,3658020,40,74
1998,3750585,38,68
1999,3841734,36,65
2000,3929588,35,63
2001,4013488,33,60
2002,4093840,30,55
2003,4171145,28,50
2004,4246336,25,45
2005,4320130,23,40
2006,4392493,21,36
2007,4463226,19,32
2008,4532711,17,28
2009,4601424,16,24
2010,4669685,14,20
2011,4737680,12,16
2012,4805295,11,12
1990,12115806,238,394
1991,12530078,271,435
1992,12950995,307,480
1993,13375363,335,509
1994,13798862,361,536
1995,14217430,379,551
1996,14632391,390,559
1997,15042149,394,555
1998,15436470,390,546
1999,15802248,381,532
2000,16131332,369,513
2001,16420173,351,487
2002,16674987,329,455
2003,16909801,308,424
2004,17144325,287,394
2005,17393994,267,366
2006,17662417,249,343
2007,17949061,234,321
2008,18260044,217,297
2009,18601342,212,294
2010,18976588,190,258
2011,19389954,191,262
2012,19839750,172,228
1990,4793521,62,92
1991,4799066,52,66
1992,4787634,53,69
1993,4762425,55,76
1994,4728549,54,74
1995,4690192,52,70
1996,4647843,54,77
1997,4601596,51,72
1998,4554877,53,80
1999,4511766,45,61
2000,4475201,42,57
2001,4446789,36,44
2002,4426098,37,53
2003,4411370,36,53
2004,4399706,31,42
2005,4388857,28,36
2006,4378601,27,37
2007,4369337,25,35
2008,4360126,26,39
2009,4349930,22,32
2010,4338027,18,24
2011,4323822,16,22
2012,4307422,14,20
1990,10600841,25,60
1991,10684831,23,53
1992,10757891,22,46
1993,10821551,21,41
1994,10878823,20,36
1995,10932013,19,32
1996,10980758,18,28
1997,11024249,16,25
1998,11063917,15,22
1999,11101580,14,21
2000,11138416,13,19
2001,11175465,12,18
2002,11212125,11,17
2003,11245926,10,16
2004,11273363,9.6,15
2005,11292078,9.2,14
2006,11301100,9.1,14
2007,11301674,9,14
2008,11296355,9.1,14
2009,11288826,9.1,14
2010,11281768,9.3,14
2011,11276053,9.3,14
2012,11270957,9.3,14
2010,147560,3.9,5
2011,151523,0.76,0.97
2012,155293,0.74,0.95
1990,766611,4.4,5
1991,783138,6.3,9.4
1992,800660,5.6,7.6
1993,818814,5.2,6.6
1994,837166,5.1,6.3
1995,855389,4.8,5.8
1996,873246,3.2,4.8
1997,890733,6.1,9.1
1998,908040,5.7,8.4
1999,925491,4.8,6.5
2000,943287,4,4.8
2001,961481,4.8,7
2002,979877,2.3,3.7
2003,998142,4,5.7
2004,1015820,3.4,4.2
2005,1032586,3.8,4.9
2006,1048314,3.9,4.9
2007,1063095,4.4,6.2
2008,1077089,5.1,7.1
2009,1090553,5.7,8.2
2010,1103685,6.4,9.4
2011,1116513,5.3,6.2
2012,1128994,5.4,6.1
1990,10325976,22,30
1991,10329999,23,33
1992,10336249,22,31
1993,10342095,21,27
1994,10343892,22,30
1995,10339223,20,27
1996,10327823,22,32
1997,10311228,20,29
1998,10291153,20,29
1999,10270096,18,25
2000,10250398,16,21
2001,10231435,15,20
2002,10214070,13,17
2003,10203846,13,18
2004,10207862,12,16
2005,10230683,11,15
2006,10274906,11,15
2007,10337782,8.8,12
2008,10411836,8.9,13
2009,10486434,7.7,11
2010,10553701,6.8,9.4
2011,10611037,6.2,8.5
2012,10660051,5.3,7.2
1990,20194361,383,479
1991,20510215,383,479
1992,20838090,383,479
1993,21166238,383,479
1994,21478552,383,479
1995,21763678,383,479
1996,22016518,383,479
1997,22240833,383,479
1998,22444993,383,479
1999,22641754,383,479
2000,22840225,383,479
2001,23043449,383,479
2002,23248059,383,479
2003,23449180,383,479
2004,23639303,383,479
2005,23813333,383,479
2006,23969917,383,479
2007,24111989,383,479
2008,24243894,387,484
2009,24371865,391,489
2010,24500520,395,494
2011,24631291,404,505
2012,24763188,409,511
1990,34910591,327,695
1991,36253025,327,687
1992,37731020,327,680
1993,39257294,327,668
1994,40711816,327,662
1995,42012524,327,654
1996,43122601,327,645
1997,44078397,327,640
1998,44960941,327,631
1999,45889100,327,622
2000,46949244,327,611
2001,48167045,327,601
2002,49516960,327,589
2003,50972323,327,580
2004,52487293,327,565
2005,54028003,327,558
2006,55590838,327,553
2007,57187942,327,551
2008,58819038,327,549
2009,60486276,327,559
2010,62191161,327,555
2011,63931512,327,568
2012,65705093,327,576
1990,5140332,7.8,12
1991,5154309,7.5,9.7
1992,5171304,8,10
1993,5190631,9.1,12
1994,5211321,11,16
1995,5232582,9.8,12
1996,5254383,11,13
1997,5276683,12,17
1998,5298680,11,15
1999,5319410,13,19
2000,5338283,13,19
2001,5354684,11,15
2002,5368994,8.6,10
2003,5382853,8.4,11
2004,5398558,7.6,9.7
2005,5417692,8.4,12
2006,5440923,7.2,9.8
2007,5467551,7.5,11
2008,5496104,6.9,9.4
2009,5524427,7,9.6
2010,5550959,6.5,8.3
2011,5575237,7.4,10
2012,5597760,7.4,10
1990,589924,619,1048
1991,612589,619,983
1992,629373,619,927
1993,641900,619,881
1994,652793,619,836
1995,663999,619,809
1996,675891,619,783
1997,687897,619,767
1998,699922,619,758
1999,711652,619,759
2000,722887,619,775
2001,733732,619,796
2002,744434,619,829
2003,755085,619,874
2004,765776,619,910
2005,776585,619,920
2006,787544,619,927
2007,798690,619,901
2008,810100,619,935
2009,821865,620,929
2010,834036,620,922
2011,846646,620,911
2012,859652,620,897
1990,70928,15,17
1991,70849,15,16
1992,70978,15,17
1993,71205,14,17
1994,71372,14,18
1995,71367,14,19
1996,71146,14,21
1997,70756,14,23
1998,70295,14,25
1999,69902,14,27
2000,69679,14,28
2001,69660,14,29
2002,69806,14,26
2003,70058,14,22
2004,70325,14,19
2005,70542,13,17
2006,70690,13,16
2007,70795,13,16
2008,70883,13,16
2009,70996,13,15
2010,71167,13,19
2011,71401,13,23
2012,71684,13,25
1990,7245127,148,339
1991,7392389,142,310
1992,7540421,137,282
1993,7688196,131,257
1994,7834359,126,235
1995,7977966,121,215
1996,8118570,117,199
1997,8256496,112,185
1998,8392534,108,173
1999,8527881,104,165
2000,8663421,100,159
2001,8799298,96,153
2002,8935261,92,147
2003,9071318,89,142
2004,9207389,85,136
2005,9343362,82,131
2006,9479269,79,127
2007,9615015,76,122
2008,9750195,73,118
2009,9884265,70,113
2010,10016797,67,107
2011,10147598,65,103
2012,10276621,62,98
1990,10123593,174,340
1991,10360630,166,315
1992,10598168,158,295
1993,10836327,150,274
1994,11075454,143,258
1995,11315800,136,242
1996,11557151,130,228
1997,11799289,124,216
1998,12042454,118,204
1999,12286995,112,195
2000,12533087,107,187
2001,12780869,101,179
2002,13030041,97,171
2003,13279806,92,163
2004,13529091,88,155
2005,13777131,83,148
2006,14023503,79,141
2007,14268397,76,134
2008,14512402,72,128
2009,14756424,68,120
2010,15001072,65,113
2011,15246481,62,106
2012,15492264,59,98
1990,56336614,34,85
1991,57387589,34,80
1992,58370712,34,75
1993,59307778,33,70
1994,60231864,32,65
1995,61168397,32,60
1996,62123592,30,55
1997,63094069,29,50
1998,64084443,28,45
1999,65097777,27,43
2000,66136590,26,42
2001,67204189,25,41
2002,68302914,24,39
2003,69432477,23,37
2004,70591288,22,36
2005,71777678,21,34
2006,72990754,20,33
2007,74229577,20,32
2008,75491922,19,31
2009,76775023,19,31
2010,78075705,18,30
2011,79392466,17,29
2012,80721874,17,29
1990,5344226,63,95
1991,5425293,61,88
1992,5511138,57,80
1993,5597322,53,71
1994,5677743,48,62
1995,5748013,45,55
1996,5806750,42,52
1997,5855226,41,56
1998,5895018,42,64
1999,5928809,40,63
2000,5958794,37,56
2001,5985299,36,55
2002,6008308,38,58
2003,6029366,33,46
2004,6050297,32,44
2005,6072538,39,60
2006,6096692,34,48
2007,6122952,33,44
2008,6151776,32,41
2009,6183484,30,35
2010,6218195,28,33
2011,6256242,27,34
2012,6297394,25,34
1990,373851,80,101
1991,386418,99,147
1992,399625,75,90
1993,413387,86,115
1994,427503,96,137
1995,441829,80,96
1996,456389,80,96
1997,471288,89,114
1998,486542,98,132
1999,502169,99,131
2000,518179,101,130
2001,534592,102,129
2002,551399,103,129
2003,568552,104,129
2004,585983,105,128
2005,603648,110,135
2006,621517,115,142
2007,639618,120,148
2008,658025,125,156
2009,676851,120,139
2010,696167,135,166
2011,715996,142,174
2012,736296,139,164
1990,3272563,243,484
1991,3311719,233,345
1992,3331918,223,288
1993,3344626,213,331
1994,3365933,204,354
1995,3407812,198,362
1996,3473399,191,342
1997,3560353,182,296
1998,3668350,174,249
1999,3795384,165,201
2000,3939348,157,194
2001,4101609,148,210
2002,4281576,140,207
2003,4472533,133,198
2004,4665522,126,190
2005,4854066,121,187
2006,5035036,116,183
2007,5209846,111,181
2008,5382163,108,179
2009,5557889,103,173
2010,5741159,100,167
2011,5932852,97,160
2012,6130922,93,152
1990,1565320,31,52
1991,1549232,30,40
1992,1523160,30,39
1993,1491338,41,53
1994,1459829,49,68
1995,1433076,50,65
1996,1412522,56,74
1997,1397071,61,84
1998,1385531,68,98
1999,1375744,63,85
2000,1366117,67,97
2001,1356549,60,82
2002,1347674,53,68
2003,1339453,50,66
2004,1331928,46,61
2005,1325112,42,53
2006,1318893,37,45
2007,1313138,40,55
2008,1307827,35,47
2009,1302965,32,42
2010,1298533,25,29
2011,1294498,26,34
2012,1290778,23,29
1990,48042755,367,426
1991,49743883,377,446
1992,51525658,388,462
1993,53357867,398,470
1994,55199953,410,479
1995,57023519,419,480
1996,58815116,426,477
1997,60584273,431,472
1998,62353942,431,464
1999,64158887,428,446
2000,66024199,421,429
2001,67956866,408,408
2002,69948344,395,390
2003,71989666,379,370
2004,74066147,359,350
2005,76167240,342,331
2006,78290649,324,314
2007,80440708,308,296
2008,82621190,293,280
2009,84838032,280,264
2010,87095281,269,250
2011,89393063,258,237
2012,91728849,247,224
1990,728339,112,244
1991,735209,104,227
1992,744340,97,209
1993,754923,90,193
1994,765664,83,179
1995,775587,77,165
1996,784647,72,153
1997,793098,67,141
1998,800616,62,131
1999,806857,58,121
2000,811647,54,112
2001,814700,51,104
2002,816237,48,98
2003,817224,45,92
2004,818995,42,86
2005,822484,40,80
2006,828060,37,75
2007,835392,35,68
2008,843851,32,61
2009,852479,30,53
2010,860559,28,45
2011,867921,26,37
2012,874742,24,30
1990,4986705,18,25
1991,5009381,18,26
1992,5034898,16,22
1993,5061465,12,16
1994,5086499,13,15
1995,5108176,15,22
1996,5126021,14,21
1997,5140755,13,17
1998,5153229,14,21
1999,5164780,13,18
2000,5176482,12,16
2001,5188330,10,14
2002,5200259,9.9,14
2003,5213213,8.7,12
2004,5228340,7,9
2005,5246368,7.4,10
2006,5267817,6.1,7.5
2007,5292261,6.5,8.2
2008,5318297,7.2,10
2009,5343927,11,21
2010,5367693,6.7,9
2011,5389084,6.7,8.9
2012,5408466,5.5,7.2
1990,56845705,20,28
1991,57098001,19,25
1992,57339096,19,26
1993,57569991,21,31
1994,57792298,20,29
1995,58008958,19,28
1996,58216225,16,24
1997,58418324,15,20
1998,58635564,13,17
1999,58894671,13,18
2000,59213096,13,19
2001,59600714,12,17
2002,60047743,12,17
2003,60527640,12,19
2004,61002537,11,14
2005,61444972,10,14
2006,61845239,10,14
2007,62210877,11,17
2008,62552614,11,17
2009,62888318,5.7,8.2
2010,63230866,9.5,14
2011,63582112,9.2,14
2012,63936575,8.2,12
1990,198370,34,48
1991,202020,28,35
1992,205269,46,67
1993,208349,43,54
1994,211584,48,65
1995,215200,47,59
1996,219282,45,55
1997,223734,47,60
1998,228380,53,78
1999,232956,46,65
2000,237267,30,35
2001,241276,30,34
2002,245032,31,40
2003,248536,24,28
2004,251811,28,37
2005,254884,28,39
2006,257731,31,46
2007,260361,28,41
2008,262877,22,25
2009,265412,23,29
2010,268065,18,22
2011,270874,27,41
2012,273814,21,26
1990,946703,221,419
1991,972539,228,436
1992,998823,255,495
1993,1025559,271,525
1994,1052772,293,560
1995,1080477,315,592
1996,1108698,343,635
1997,1137412,368,661
1998,1166525,401,704
1999,1195919,476,828
2000,1225527,527,898
2001,1255299,557,928
2002,1285318,586,959
2003,1315820,594,950
2004,1347125,597,933
2005,1379465,586,908
2006,1412907,578,887
2007,1447388,542,801
2008,1482843,523,752
2009,1519155,511,728
2010,1556222,475,663
2011,1594034,450,612
2012,1632572,428,563
1990,916811,185,350
1991,949479,189,356
1992,979666,193,361
1993,1008242,196,365
1994,1036580,200,369
1995,1065746,204,372
1996,1095930,208,374
1997,1126986,212,373
1998,1159271,217,374
1999,1193143,221,374
2000,1228863,225,373
2001,1266691,230,375
2002,1306667,234,380
2003,1348548,239,387
2004,1391934,244,395
2005,1436549,248,404
2006,1482324,253,415
2007,1529406,258,424
2008,1577984,263,433
2009,1628332,269,444
2010,1680640,273,455
2011,1734966,279,472
2012,1791225,284,490
1990,5460309,280,704
1991,5418449,273,667
1992,5345625,268,636
1993,5252851,266,609
1994,5156080,264,589
1995,5067143,263,571
1996,4990097,263,557
1997,4922489,264,546
1998,4861848,263,533
1999,4803312,261,526
2000,4743591,256,516
2001,4682290,244,487
2002,4621837,227,448
2003,4564938,210,410
2004,4515280,193,366
2005,4475306,175,315
2006,4446032,160,274
2007,4426077,149,242
2008,4412502,139,217
2009,4401093,132,198
2010,4388674,128,186
2011,4374226,125,182
2012,4358242,116,158
1990,80487159,21,29
1991,81026476,19,25
1992,81625161,20,28
1993,82225174,20,29
1994,82750431,18,25
1995,83147770,17,23
1996,83388930,16,22
1997,83490697,15,21
1998,83500716,14,20
1999,83490881,14,20
2000,83512459,12,18
2001,83583461,9.6,12
2002,83685160,9.5,13
2003,83788480,9.6,14
2004,83848844,8.5,12
2005,83835978,7.8,11
2006,83740302,7.1,9.8
2007,83578794,6.4,8.7
2008,83379538,5.7,7.3
2009,83182774,5.9,8.3
2010,83017404,5.6,7.7
2011,82892904,5.7,7.9
2012,82800121,5.6,7.8
1990,14628693,155,320
1991,15043053,159,318
1992,15471695,163,315
1993,15907265,165,311
1994,16339278,166,307
1995,16760926,167,301
1996,17169151,167,296
1997,17568461,166,290
1998,17968830,162,281
1999,18384302,158,270
2000,18825034,152,257
2001,19293392,145,241
2002,19786307,138,225
2003,20301686,132,213
2004,20835514,125,200
2005,21384034,119,188
2006,21947779,112,174
2007,22525659,106,161
2008,23110139,99,147
2009,23691533,92,134
2010,24262901,86,121
2011,24820706,79,106
2012,25366462,72,92
1990,10160501,9.9,15
1991,10246749,8.6,11
1992,10349998,10,14
1993,10462357,10,14
1994,10572479,10,14
1995,10671809,10,14
1996,10758368,10,14
1997,10833632,8.1,10
1998,10896763,12,20
1999,10947724,9.8,15
2000,10986883,7.4,9.5
2001,11012931,5.3,7.5
2002,11026358,5.9,7.2
2003,11031728,6.2,8
2004,11035302,7.6,12
2005,11041642,7.2,11
2006,11052514,6.4,9.1
2007,11066884,6.4,9.1
2008,11083063,6.1,8.7
2009,11098149,6.1,9
2010,11109999,4.6,5.6
2011,11118556,4.7,6.3
2012,11124639,4.5,6.3
1990,55603,191,245
1991,55786,191,245
1992,55854,191,245
1993,55845,191,245
1994,55817,191,245
1995,55809,191,245
1996,55832,191,245
1997,55876,191,246
1998,55948,191,245
1999,56049,191,245
2000,56174,191,245
2001,56337,191,244
2002,56534,191,244
2003,56732,191,245
2004,56881,191,245
2005,56953,191,247
2006,56925,191,247
2007,56817,191,248
2008,56675,191,247
2009,56569,128,182
2010,56546,232,345
2011,56626,234,346
2012,56787,170,190
1990,96286,4.6,11
1991,96455,4.6,10
1992,97201,4.6,9.4
1993,98302,4.6,8.9
1994,99403,4.5,8.5
1995,100253,4.5,8.2
1996,100796,4.5,8.1
1997,101125,4.4,8.1
1998,101302,4.4,8.2
1999,101441,4.4,8.4
2000,101620,4.4,8.6
2001,101849,4.3,8.8
2002,102099,4.3,8.9
2003,102369,4.3,8.9
2004,102655,4.3,8.7
2005,102951,4.2,8.1
2006,103260,4.2,7.7
2007,103586,4.2,6.7
2008,103932,4.2,6.5
2009,104296,4.1,5.7
2010,104677,4.1,5.5
2011,105074,4.1,7.1
2012,105483,4.1,6.8
1990,130482,50,67
1991,133553,50,61
1992,136696,50,56
1993,139820,58,71
1994,142806,76,115
1995,145562,68,96
1996,148060,61,80
1997,150306,55,69
1998,152275,49,60
1999,153951,44,53
2000,155328,40,49
2001,156417,46,70
2002,157241,37,51
2003,157823,16,33
2004,158194,36,51
2005,158401,46,74
2006,158429,32,44
2007,158331,38,49
2008,158310,65,104
2009,158621,74,126
2010,159440,73,118
2011,160858,59,78
2012,162810,48,66
1990,8890329,74,142
1991,9098613,74,142
1992,9312915,73,142
1993,9532550,72,141
1994,9756398,72,140
1995,9983861,71,139
1996,10214623,70,137
1997,10449636,70,134
1998,10691090,69,132
1999,10941913,68,130
2000,11204183,68,129
2001,11478984,67,127
2002,11765738,67,125
2003,12062835,66,122
2004,12367800,65,122
2005,12678919,65,119
2006,12995374,64,117
2007,13317931,63,116
2008,13648307,63,116
2009,13988988,62,115
2010,14341576,62,112
2011,14706578,61,111
2012,15082831,60,110
1990,6020113,248,556
1991,6351760,249,550
1992,6734242,251,543
1993,7136110,251,531
1994,7514053,251,520
1995,7837173,249,505
1996,8094751,246,489
1997,8296478,244,474
1998,8457221,241,458
1999,8600911,237,443
2000,8746128,234,429
2001,8895353,206,362
2002,9045748,225,396
2003,9204581,220,379
2004,9379621,216,366
2005,9576331,211,350
2006,9798963,205,336
2007,10046967,200,327
2008,10314678,196,314
2009,10593248,187,296
2010,10876033,188,299
2011,11161530,183,287
2012,11451273,178,274
1990,1017385,158,237
1991,1040717,161,238
1992,1064691,164,240
1993,1089235,167,243
1994,1114249,170,250
1995,1139667,174,256
1996,1165465,177,265
1997,1191672,181,275
1998,1218336,184,283
1999,1245530,188,288
2000,1273312,192,290
2001,1301748,195,290
2002,1330849,199,283
2003,1360559,203,275
2004,1390791,207,268
2005,1421515,211,264
2006,1452659,216,263
2007,1484337,220,268
2008,1516920,224,277
2009,1550905,229,293
2010,1586624,233,300
2011,1624228,238,306
2012,1663558,242,312
1990,725043,89,193
1991,723259,89,186
1992,723008,89,179
1993,724014,89,171
1994,725839,89,162
1995,728136,89,153
1996,730865,89,144
1997,734059,89,134
1998,737526,95,136
1999,741046,100,138
2000,744471,104,139
2001,747657,108,140
2002,750629,111,140
2003,753612,114,139
2004,756939,115,139
2005,760834,115,139
2006,765367,115,140
2007,770407,114,139
2008,775739,113,135
2009,781055,112,133
2010,786126,111,132
2011,790882,110,131
2012,795369,109,131
1990,7110116,247,376
1991,7255042,247,380
1992,7399862,247,381
1993,7544982,247,381
1994,7691001,247,380
1995,7838241,247,378
1996,7986858,247,375
1997,8136372,247,370
1998,8285690,256,383
1999,8433339,264,392
2000,8578234,271,400
2001,8720247,276,405
2002,8859635,279,408
2003,8996229,280,405
2004,9129933,277,399
2005,9260879,272,388
2006,9388642,264,379
2007,9513714,256,368
2008,9638255,246,353
2009,9765153,238,340
2010,9896400,230,326
2011,10032864,222,309
2012,10173775,213,296
1990,4903694,113,178
1991,5041781,114,175
1992,5180884,114,173
1993,5319841,114,172
1994,5457189,114,170
1995,5591935,115,169
1996,5723639,115,169
1997,5852719,117,171
1998,5980152,117,170
1999,6107385,116,171
2000,6235561,114,169
2001,6365040,110,164
2002,6495801,102,153
2003,6628171,91,137
2004,6762426,81,123
2005,6898825,73,112
2006,7037428,66,101
2007,7178436,60,94
2008,7322368,57,88
2009,7469844,55,86
2010,7621204,54,84
2011,7776669,54,84
2012,7935846,54,82
1990,10385061,39,53
1991,10370223,42,58
1992,10364661,45,62
1993,10363797,46,65
1994,10361134,47,66
1995,10351994,48,67
1996,10334876,47,66
1997,10311227,46,63
1998,10282937,43,60
1999,10253110,41,56
2000,10224113,37,51
2001,10196130,34,47
2002,10168591,30,41
2003,10142243,27,37
2004,10117872,24,33
2005,10095964,22,29
2006,10077017,20,27
2007,10060786,18,25
2008,10046058,18,25
2009,10031096,17,25
2010,10014633,17,26
2011,9996227,18,29
2012,9976195,18,29
1990,254830,8.1,12
1991,257387,6.7,8.7
1992,259895,7.1,10
1993,262383,4.8,6.6
1994,264893,7.8,13
1995,267454,5.2,6.3
1996,270089,4.7,5.7
1997,272798,4.2,5.5
1998,275568,7.1,12
1999,278376,4.1,5
2000,281214,5.3,8.1
2001,284056,4.9,7.3
2002,286929,3.2,4
2003,289925,2,3.6
2004,293170,4.3,6.6
2005,296745,3.9,5.3
2006,300693,5,7.8
2007,304957,4.5,6.4
2008,309394,2.2,3.8
2009,313804,4.4,6
2010,318042,8,14
2011,322052,2.9,4.1
2012,325867,3.5,4.3
1990,868890700,216,465
1991,886348712,216,466
1992,903749636,216,467
1993,921107534,216,467
1994,938452550,216,467
1995,955804355,216,465
1996,973147577,216,463
1997,990460131,216,459
1998,1007746556,216,454
1999,1025014711,216,447
2000,1042261758,216,438
2001,1059500888,216,427
2002,1076705723,215,414
2003,1093786762,214,399
2004,1110626108,212,383
2005,1127143548,209,365
2006,1143289350,205,347
2007,1159095250,201,328
2008,1174662334,196,308
2009,1190138069,190,289
2010,1205624648,185,269
2011,1221156319,181,249
2012,1236686732,176,230
1990,178633239,206,442
1991,181786329,205,456
1992,184916848,205,468
1993,188019278,205,476
1994,191085673,205,481
1995,194112556,205,483
1996,197097887,204,487
1997,200050444,204,485
1998,202990922,204,503
1999,205946831,204,491
2000,208938698,204,474
2001,211970371,204,458
2002,215038285,204,437
2003,218145617,202,413
2004,221293797,201,388
2005,224480901,199,369
2006,227709821,197,353
2007,230972808,195,336
2008,234243489,193,324
2009,237486894,191,315
2010,240676485,189,306
2011,243801639,187,301
2012,246864191,185,297
1990,56361868,31,51
1991,57472293,34,55
1992,58307457,35,58
1993,58982430,36,59
1994,59663107,36,59
1995,60468352,35,58
1996,61440887,34,55
1997,62542531,31,50
1998,63713397,29,46
1999,64858754,27,44
2000,65911052,26,41
2001,66857624,24,39
2002,67727274,23,38
2003,68543171,22,36
2004,69342126,21,34
2005,70152384,20,32
2006,70976584,20,31
2007,71809219,19,31
2008,72660887,19,31
2009,73542954,19,31
2010,74462314,20,32
2011,75424285,21,34
2012,76424443,21,33
1990,17517521,54,94
1991,18009865,53,93
1992,18547047,53,91
1993,19123947,53,87
1994,19731733,53,83
1995,20363138,53,79
1996,21017108,52,73
1997,21693597,52,66
1998,22387179,51,59
1999,23091408,51,58
2000,23801156,50,61
2001,24516842,50,63
2002,25238267,49,66
2003,25959531,49,67
2004,26673536,48,68
2005,27377045,48,70
2006,28064095,48,72
2007,28740630,47,72
2008,29429829,46,73
2009,30163199,46,79
2010,30962380,45,78
2011,31837015,45,73
2012,32778030,45,73
1990,3531185,20,27
1991,3537591,21,29
1992,3549266,20,28
1993,3565915,19,29
1994,3586646,17,25
1995,3610918,15,19
1996,3638411,14,18
1997,3669799,13,17
1998,3706616,13,18
1999,3750879,14,21
2000,3803741,12,16
2001,3865839,12,16
2002,3935875,11,14
2003,4010652,12,16
2004,4085790,11,16
2005,4158002,12,16
2006,4226104,12,17
2007,4290537,12,16
2008,4351657,11,16
2009,4410422,12,19
2010,4467561,10,14
2011,4522844,10,14
2012,4575890,8.6,11
1990,4499161,6,8.6
1991,4641600,13,22
1992,4806983,8.3,11
1993,4985652,9.7,14
1994,5163901,8.8,11
1995,5331622,8.6,10
1996,5486219,7.7,9.8
1997,5630066,8.6,10
1998,5764197,13,21
1999,5891263,10,14
2000,6013711,10,14
2001,6129590,9.6,13
2002,6238958,8.6,11
2003,6348782,8.5,12
2004,6468354,8.1,12
2005,6603677,6.5,8.1
2006,6758761,5.8,7
2007,6930068,6.6,9.4
2008,7106828,5.2,6.2
2009,7273804,5.5,6.9
2010,7420368,5.3,6.1
2011,7542327,6.3,8.3
2012,7643905,7.6,11
1990,56831853,8.6,12
1991,56855481,7.5,9.1
1992,56894444,9.5,13
1993,56936675,9.6,13
1994,56964257,12,18
1995,56967071,11,17
1996,56937309,8.4,10
1997,56887127,9.3,12
1998,56850303,12,18
1999,56872736,9,12
2000,56986085,7.1,9
2001,57200233,8.6,12
2002,57501450,7.8,10
2003,57868021,8.7,13
2004,58267068,7.8,11
2005,58671855,7.5,10
2006,59078271,8.1,12
2007,59485505,5.3,7.3
2008,59873820,7.9,12
2009,60220314,7.4,11
2010,60508978,6,7.5
2011,60729316,6.5,8.8
2012,60884593,6.7,9.4
1990,2365211,6.5,9.5
1991,2380807,6.5,9.5
1992,2398663,6.5,9.4
1993,2418542,6.5,9.2
1994,2439839,6.5,9.1
1995,2462051,6.5,8.9
1996,2485230,6.5,8.7
1997,2509439,6.5,8.5
1998,2534127,6.5,8.3
1999,2558579,6.5,8.2
2000,2582219,6.5,8.1
2001,2604946,6.5,8.1
2002,2626716,6.5,8.3
2003,2647116,6.5,8.4
2004,2665680,6.5,8.6
2005,2682149,6.5,8.7
2006,2696227,6.5,8.9
2007,2708152,6.5,9
2008,2718862,6.6,9.1
2009,2729660,6.6,9.2
2010,2741485,6.6,9.4
2011,2754669,6.6,9.4
2012,2768941,6.6,9.5
1990,122249285,49,68
1991,122702527,47,66
1992,123180357,46,63
1993,123658854,45,63
1994,124101546,41,55
1995,124483305,40,53
1996,124794906,39,52
1997,125048712,39,53
1998,125266855,40,59
1999,125481436,37,53
2000,125714674,36,51
2001,125973930,32,44
2002,126249090,30,40
2003,126523597,29,40
2004,126772899,27,38
2005,126978754,25,34
2006,127136020,23,31
2007,127248855,22,31
2008,127319434,22,30
2009,127352872,21,30
2010,127352833,20,29
2011,127319206,20,28
2012,127249704,19,26
1990,3358453,14,18
1991,3538411,14,18
1992,3743129,14,17
1993,3955939,13,16
1994,4153717,12,16
1995,4320158,12,15
1996,4450852,11,14
1997,4551911,10,13
1998,4630762,9.6,12
1999,4699278,8.8,11
2000,4767476,8.1,10
2001,4835108,7.7,9.8
2002,4902974,7.5,9.5
2003,4983508,7.3,9.1
2004,5092185,7.2,8.9
2005,5239417,7.2,9
2006,5428896,7.1,8.8
2007,5655856,6.9,8.7
2008,5911202,6.8,9.3
2009,6181307,6.5,9.1
2010,6454554,6.3,8.8
2011,6731151,6,8.5
2012,7009444,5.8,8.5
1990,16171900,79,116
1991,16154660,124,233
1992,16070184,173,359
1993,15929712,224,485
1994,15750801,274,603
1995,15549632,318,706
1996,15326132,357,786
1997,15085965,387,844
1998,14858241,403,859
1999,14679568,383,780
2000,14575644,351,668
2001,14559255,325,576
2002,14623188,290,478
2003,14747754,263,404
2004,14902452,247,366
2005,15064088,235,340
2006,15227211,217,301
2007,15396045,215,308
2008,15568294,184,241
2009,15743552,196,286
2010,15921127,182,266
2011,16097998,193,312
2012,16271201,137,189
1990,23446439,139,272
1991,24237056,139,246
1992,25036941,142,225
1993,25839132,148,209
1994,26634659,157,200
1995,27418077,169,196
1996,28186224,184,198
1997,28943647,203,205
1998,29702246,230,225
1999,30478597,259,250
2000,31285050,286,273
2001,32126351,314,301
2002,33000524,336,322
2003,33905011,349,333
2004,34834606,357,339
2005,35785718,359,345
2006,36757498,355,347
2007,37752304,347,344
2008,38773277,332,330
2009,39824734,312,312
2010,40909194,298,306
2011,42027891,288,305
2012,43178141,272,299
1990,71040,116,249
1991,72343,146,197
1992,73434,189,219
1993,74395,268,302
1994,75346,389,533
1995,76378,505,770
1996,77511,587,940
1997,78725,605,965
1998,80018,534,785
1999,81377,443,597
2000,82788,372,487
2001,84261,332,428
2002,85799,342,446
2003,87371,393,545
2004,88936,448,661
2005,90468,488,747
2006,91953,514,805
2007,93401,447,632
2008,94832,442,618
2009,96272,361,455
2010,97743,366,477
2011,99250,432,664
2012,100786,429,628
1990,2059774,15,23
1991,1999651,19,29
1992,1889536,17,21
1993,1758579,14,20
1994,1647698,17,23
1995,1586123,24,29
1996,1585244,29,38
1997,1635999,37,55
1998,1722208,38,54
1999,1818405,33,41
2000,1906231,31,41
2001,1980604,29,36
2002,2048232,33,48
2003,2116353,31,44
2004,2196466,29,40
2005,2296314,26,31
2006,2417445,31,42
2007,2554920,29,37
2008,2702221,37,58
2009,2850102,38,60
2010,2991580,37,58
2011,3124705,25,31
2012,3250496,26,33
1990,4394502,92,170
1991,4441582,105,200
1992,4476402,119,231
1993,4506563,135,263
1994,4542747,151,296
1995,4592135,168,326
1996,4658815,186,360
1997,4739263,205,394
1998,4823870,221,419
1999,4898865,237,439
2000,4954850,249,449
2001,4988162,250,439
2002,5003394,246,422
2003,5009453,238,405
2004,5019310,226,373
2005,5042381,208,334
2006,5081620,192,303
2007,5134297,178,276
2008,5197274,164,248
2009,5265218,151,222
2010,5334223,141,204
2011,5403419,141,211
2012,5474213,141,217
1990,4244520,492,1491
1991,4369940,473,1437
1992,4497827,455,1385
1993,4625861,437,1326
1994,4751142,420,1275
1995,4871472,403,1224
1996,4986592,387,1170
1997,5096724,372,1115
1998,5200898,358,1063
1999,5298146,344,1011
2000,5388281,330,961
2001,5470169,317,912
2002,5545245,305,862
2003,5619069,293,824
2004,5699112,281,780
2005,5790646,270,737
2006,5895930,260,701
2007,6013278,250,663
2008,6139127,240,627
2009,6267968,230,596
2010,6395713,221,565
2011,6521314,213,540
2012,6645827,204,514
1990,2663985,57,114
1991,2645056,73,142
1992,2611306,88,170
1993,2568603,102,196
1994,2525444,115,220
1995,2487988,126,237
1996,2458305,133,246
1997,2434628,137,246
1998,2414650,137,238
1999,2394521,130,217
2000,2371481,121,194
2001,2345309,113,174
2002,2317261,103,153
2003,2287780,93,134
2004,2257647,84,118
2005,2227559,75,102
2006,2197359,67,88
2007,2167157,65,87
2008,2138258,56,70
2009,2112337,52,63
2010,2090519,50,63
2011,2073385,48,60
2012,2060428,53,76
1990,2703019,35,45
1991,2752473,34,43
1992,2821868,33,42
1993,2900862,32,40
1994,2974647,31,37
1995,3033406,29,35
1996,3070984,27,32
1997,3092718,25,29
1998,3114014,22,27
1999,3156706,20,24
2000,3235380,17,20
2001,3357600,15,18
2002,3515604,13,16
2003,3690110,12,15
2004,3853582,12,15
2005,3986865,11,15
2006,4079823,11,15
2007,4139813,12,16
2008,4186088,12,17
2009,4246924,13,18
2010,4341092,14,19
2011,4478105,15,20
2012,4647079,16,20
1990,1597534,184,267
1991,1627900,201,269
1992,1660360,218,267
1993,1693459,244,279
1994,1725118,280,301
1995,1753824,323,323
1996,1779197,362,326
1997,1801679,409,336
1998,1821609,461,354
1999,1839611,519,378
2000,1856225,553,387
2001,1871500,576,394
2002,1885487,613,412
2003,1898757,635,420
2004,1912022,643,418
2005,1925844,639,409
2006,1940413,638,407
2007,1955784,637,415
2008,1972199,635,433
2009,1989873,634,432
2010,2008921,633,425
2011,2029516,632,439
2012,2051545,630,424
1990,2102877,199,321
1991,2066060,203,356
1992,2028672,207,387
1993,2006349,211,412
1994,2019148,215,434
1995,2079921,219,453
1996,2197801,223,466
1997,2365290,228,477
1998,2558085,232,483
1999,2741755,237,483
2000,2891968,242,482
2001,2998770,246,478
2002,3070673,251,477
2003,3124222,256,474
2004,3184643,261,474
2005,3269786,266,475
2006,3384791,272,479
2007,3522294,277,484
2008,3672714,283,487
2009,3821440,288,490
2010,3957990,293,493
2011,4079697,299,494
2012,4190435,304,495
1990,4259811,40,86
1991,4359515,40,79
1992,4459214,40,73
1993,4558021,40,68
1994,4654483,40,64
1995,4747619,40,61
1996,4837354,40,59
1997,4924347,40,59
1998,5009240,40,58
1999,5092939,40,58
2000,5176185,40,57
2001,5258677,40,56
2002,5340389,40,55
2003,5422612,40,53
2004,5507000,40,52
2005,5594450,40,51
2006,5686475,40,50
2007,5782108,40,51
2008,5876805,40,53
2009,5964325,40,55
2010,6040612,40,58
2011,6103233,40,61
2012,6154623,40,66
1990,3697393,44,69
1991,3698824,55,85
1992,3689365,65,100
1993,3671803,74,113
1994,3650348,82,126
1995,3628079,89,136
1996,3606012,95,146
1997,3583272,101,155
1998,3558827,105,161
1999,3530932,105,160
2000,3498446,103,157
2001,3461616,100,152
2002,3421430,95,142
2003,3378410,91,134
2004,3333259,89,131
2005,3286782,87,127
2006,3238819,84,123
2007,3190088,81,118
2008,3143310,79,113
2009,3101973,76,108
2010,3068457,73,103
2011,3043980,69,97
2012,3027621,66,93
1990,381790,14,22
1991,386358,14,22
1992,391403,7.3,12
1993,396811,10,13
1994,402435,9.4,12
1995,408152,9,11
1996,414004,11,17
1997,419979,10,14
1998,425834,12,18
1999,431268,9.9,13
2000,436111,12,17
2001,440137,8.1,11
2002,443524,8,10
2003,446996,14,24
2004,451548,7.9,9.8
2005,457847,9.3,13
2006,466209,8.1,11
2007,476294,9.4,14
2008,487310,6.6,7.9
2009,498116,6.2,7.5
2010,507885,6.6,8.9
2011,516348,5.6,7
2012,523744,6.5,10
1990,11545782,391,946
1991,11898267,384,911
1992,12263899,371,855
1993,12643864,359,812
1994,13039754,347,769
1995,13452526,335,729
1996,13882646,324,694
1997,14329239,315,666
1998,14790245,308,647
1999,15262817,300,628
2000,15744811,293,609
2001,16235767,286,593
2002,16736029,282,580
2003,17245275,274,555
2004,17763367,268,537
2005,18290394,262,522
2006,18826126,256,502
2007,19371023,252,492
2008,19926785,247,477
2009,20495695,245,472
2010,21079532,242,461
2011,21678934,238,452
2012,22293914,234,442
1990,9447123,326,412
1991,9657518,361,423
1992,9759434,392,426
1993,9800635,419,428
1994,9851737,442,427
1995,9964065,462,427
1996,10153315,479,421
1997,10404259,488,414
1998,10700180,488,400
1999,11012707,481,383
2000,11321496,467,365
2001,11623166,445,342
2002,11926778,422,321
2003,12238739,401,299
2004,12569091,378,279
2005,12924746,354,262
2006,13307535,328,255
2007,13713758,301,243
2008,14138207,273,225
2009,14573338,243,204
2010,15013694,219,182
2011,15457531,191,156
2012,15906483,163,140
1990,18211097,127,242
1991,18709963,123,232
1992,19205112,119,220
1993,19701410,115,210
1994,20206546,111,199
1995,20725374,108,189
1996,21259831,105,180
1997,21805835,102,170
1998,22355057,99,162
1999,22896048,97,154
2000,23420751,95,148
2001,23925742,92,143
2002,24413795,91,139
2003,24890654,89,136
2004,25365089,87,133
2005,25843466,86,129
2006,26327098,85,126
2007,26813819,84,123
2008,27302348,83,120
2009,27790324,83,116
2010,28275835,82,112
2011,28758968,81,107
2012,29239927,80,101
1990,215859,150,311
1991,221963,140,274
1992,227863,130,239
1993,233611,121,211
1994,239291,130,230
1995,244965,118,197
1996,250659,106,167
1997,256347,84,117
1998,261973,84,122
1999,267456,72,99
2000,272745,60,81
2001,277825,63,95
2002,282743,55,80
2003,287594,60,94
2004,292505,51,74
2005,297576,51,78
2006,302825,41,53
2007,308239,52,84
2008,313843,48,76
2009,319660,39,56
2010,325694,36,51
2011,331964,33,43
2012,338442,41,65
1990,7964066,76,138
1991,8130473,77,136
1992,8322743,78,135
1993,8535338,79,134
1994,8759442,80,132
1995,8988853,80,131
1996,9222157,80,128
1997,9462256,80,125
1998,9712365,79,121
1999,9977308,78,119
2000,10260577,77,117
2001,10562768,76,115
2002,10882662,74,112
2003,11219737,72,110
2004,11572936,71,108
2005,11941258,69,105
2006,12325545,68,101
2007,12725629,67,100
2008,13138299,65,97
2009,13559296,64,95
2010,13985961,63,94
2011,14416737,62,94
2012,14853572,60,92
1990,375295,4,6.8
1991,379551,7.9,12
1992,383872,9,15
1993,388114,7.7,12
1994,392075,7.3,11
1995,395615,3.2,6.1
1996,398698,8.1,14
1997,401373,3.2,5.3
1998,403688,4.6,5.8
1999,405716,6.2,10
2000,407529,4.5,6.2
2001,409116,4.5,6.2
2002,410493,6.7,11
2003,411790,2,5
2004,413170,5,5.9
2005,414747,6.1,7.5
2006,416584,8.3,12
2007,418640,10,16
2008,420796,13,22
2009,422872,11,17
2010,424738,7.9,10
2011,426356,8.1,10
2012,427764,11,16
1990,47300,137,251
1991,48481,147,257
1992,49382,156,267
1993,50052,167,284
1994,50577,178,305
1995,51020,190,332
1996,51397,203,364
1997,51697,216,409
1998,51922,231,451
1999,52076,246,491
2000,52161,263,532
2001,52184,280,568
2002,52161,299,579
2003,52115,319,581
2004,52074,340,593
2005,52058,363,651
2006,52084,388,674
2007,52150,413,710
2008,52245,441,765
2009,52341,471,811
2010,52428,502,903
2011,52495,536,973
2012,52555,572,1079
1990,2024163,228,283
1991,2081380,232,311
1992,2140957,237,341
1993,2202966,241,366
1994,2267433,246,392
1995,2334388,251,417
1996,2403805,256,444
1997,2475726,261,463
1998,2550307,266,489
1999,2627739,272,511
2000,2708095,277,536
2001,2791403,282,559
2002,2877431,288,583
2003,2965667,294,605
2004,3055425,300,628
2005,3146164,305,651
2006,3237713,312,673
2007,3330037,318,693
2008,3422901,324,713
2009,3516077,330,736
2010,3609420,337,756
2011,3702763,344,775
2012,3796141,350,794
1990,1055865,28,55
1991,1068409,27,54
1992,1082877,27,53
1993,1098471,27,52
1994,1114033,26,51
1995,1128676,26,51
1996,1142191,26,50
1997,1154701,25,49
1998,1166070,25,48
1999,1176227,25,47
2000,1185143,24,46
2001,1192719,24,45
2002,1198972,24,44
2003,1204161,24,44
2004,1208653,23,43
2005,1212752,23,43
2006,1216518,23,43
2007,1219976,22,42
2008,1223336,22,42
2009,1226841,22,41
2010,1230659,22,41
2011,1234910,21,40
2012,1239557,21,39
1990,86077004,67,145
1991,87890094,62,133
1992,89757916,58,121
1993,91653826,54,110
1994,93541577,50,99
1995,95392647,46,89
1996,97201533,42,79
1997,98968558,39,70
1998,100678867,36,63
1999,102316781,33,56
2000,103873607,31,51
2001,105339877,28,46
2002,106723661,26,42
2003,108056312,25,39
2004,109381550,23,36
2005,110731826,22,34
2006,112116694,22,33
2007,113529819,22,33
2008,114968039,22,33
2009,116422752,22,33
2010,117886404,22,34
2011,119361233,23,34
2012,120847477,23,33
1990,96331,379,464
1991,98800,367,515
1992,101412,356,561
1993,103937,346,594
1994,106057,335,616
1995,107556,325,629
1996,108342,315,627
1997,108506,306,610
1998,108236,297,595
1999,107808,288,577
2000,107430,279,560
2001,107170,271,541
2002,106983,263,518
2003,106816,255,498
2004,106575,247,474
2005,106198,240,446
2006,105686,232,416
2007,105097,226,389
2008,104498,219,365
2009,103983,212,340
2010,103619,206,314
2011,103424,200,313
2012,103395,194,270
1990,29438,3.9,6.4
1991,29626,0,2.7
1992,29864,3.9,6.2
1993,30138,3.8,6.1
1994,30423,3.8,6
1995,30700,3.7,6
1996,30971,0,2.5
1997,31242,0,2.4
1998,31517,0,2.2
1999,31795,11,25
2000,32081,0,1.7
2001,32366,0,1.5
2002,32653,0,1.2
2003,32968,0.39,0.72
2004,33346,0.78,1.3
2005,33808,1.2,2
2006,34369,1.6,2.5
2007,35013,2,3.1
2008,35686,2.3,3.8
2009,36314,2.7,4.4
2010,36845,3.1,5
2011,37261,2.1,2.4
2012,37579,2.1,2.7
1990,2184159,405,938
1991,2217937,384,864
1992,2243525,365,798
1993,2263224,347,735
1994,2280519,330,678
1995,2298063,314,625
1996,2316598,299,573
1997,2335723,286,526
1998,2355618,274,484
1999,2376197,263,454
2000,2397473,254,431
2001,2419669,245,406
2002,2443231,238,403
2003,2468595,232,373
2004,2496248,228,350
2005,2526502,225,335
2006,2559496,222,328
2007,2595068,222,325
2008,2632834,222,330
2009,2672223,224,341
2010,2712738,224,353
2011,2754209,223,364
2012,2796484,223,380
2005,615820,29,37
2006,616854,31,42
2007,617800,27,34
2008,618649,24,34
2009,619408,21,29
2010,620078,20,28
2011,620644,20,29
2012,621081,18,25
1990,10734,11,20
1991,10763,11,20
1992,10856,0,5.6
1993,10892,0,6.4
1994,10717,0,7.3
1995,10232,4.1,8.2
1996,9375,8.3,9.7
1997,8217,12,16
1998,6936,17,25
1999,5788,40,83
2000,4956,0,11
2001,4505,0,10
2002,4377,0,10
2003,4474,26,50
2004,4645,0,5.7
2005,4777,24,42
2006,4846,0,17
2007,4884,47,96
2008,4901,31,58
2009,4918,16,22
2010,4953,0,9.9
2011,5000,0,4.7
2012,5046,0,
1990,24674974,147,232
1991,25128064,149,235
1992,25569662,150,238
1993,26000345,151,239
1994,26421309,152,240
1995,26833093,152,240
1996,27237150,145,225
1997,27632321,137,203
1998,28013585,132,193
1999,28374203,123,171
2000,28710123,117,161
2001,29021156,113,155
2002,29311443,109,150
2003,29586937,105,145
2004,29855820,103,141
2005,30125445,100,137
2006,30395097,98,134
2007,30667086,98,133
2008,30955151,98,134
2009,31276564,99,135
2010,31642360,100,138
2011,32059424,103,143
2012,32521143,103,140
1990,13567959,401,863
1991,13893546,419,905
1992,14350459,436,929
1993,14893218,451,945
1994,15453464,465,926
1995,15981571,478,897
1996,16463426,490,863
1997,16914628,500,821
1998,17350739,506,778
1999,17798102,511,740
2000,18275618,513,701
2001,18785719,514,662
2002,19319894,515,630
2003,19873460,518,605
2004,20438827,520,588
2005,21010376,524,576
2006,21587317,527,565
2007,22171404,531,557
2008,22762525,535,552
2009,23361025,539,545
2010,23967265,544,541
2011,24581367,548,544
2012,25203395,552,553
1990,42123003,393,894
1991,42782387,396,894
1992,43422423,398,890
1993,44052710,400,889
1994,44686091,402,887
1995,45329862,404,881
1996,45991828,406,876
1997,46664455,408,872
1998,47321204,410,864
1999,47925630,411,857
2000,48453000,412,831
2001,48894203,411,794
2002,49261313,410,760
2003,49577152,408,718
2004,49875169,406,677
2005,50181020,403,647
2006,50500070,400,616
2007,50828959,396,589
2008,51174018,393,564
2009,51540490,388,544
2010,51931231,384,525
2011,52350763,381,506
2012,52797319,377,489
1990,1415447,379,751
1991,1466152,373,670
1992,1513689,380,613
1993,1559480,416,619
1994,1605828,474,659
1995,1654214,575,770
1996,1705309,771,1011
1997,1757969,916,1115
1998,1809719,1087,1233
1999,1857149,1262,1350
2000,1897953,1407,1429
2001,1931282,1663,1642
2002,1958303,1808,1735
2003,1981237,1826,1690
2004,2003320,1720,1513
2005,2027026,1392,1157
2006,2052931,1231,1037
2007,2080700,1134,1019
2008,2110791,1154,1093
2009,2143498,989,953
2010,2178967,867,834
2011,2217618,723,699
2012,2259393,655,688
1990,9157,88,111
1991,9354,75,96
1992,9544,64,83
1993,9719,55,72
1994,9863,47,62
1995,9970,40,54
1996,10033,35,46
1997,10056,30,39
1998,10054,26,30
1999,10044,23,30
2000,10042,46,72
2001,10053,34,39
2002,10072,57,79
2003,10096,34,65
2004,10112,65,74
2005,10115,125,216
2006,10104,137,247
2007,10083,34,71
2008,10058,57,68
2009,10037,46,62
2010,10025,34,55
2011,10024,57,86
2012,10032,54,91
1990,18111200,163,364
1991,18569445,163,348
1992,19050879,163,335
1993,19551500,163,320
1994,20065413,163,307
1995,20587157,163,295
1996,21115271,163,283
1997,21647305,163,270
1998,22175431,163,262
1999,22690158,163,254
2000,23184177,163,248
2001,23655119,163,245
2002,24102862,163,240
2003,24525527,163,237
2004,24921910,163,235
2005,25292058,163,235
2006,25634043,163,234
2007,25950022,163,234
2008,26249412,163,234
2009,26544943,163,235
2010,26846016,163,238
2011,27156367,163,236
2012,27474377,163,241
1990,188234,5.3,6.7
1991,190108,5.3,6.7
1992,192220,5.3,6.8
1993,194054,5.3,6.9
1994,194909,5.3,7
1995,194332,5.3,7.2
1996,192128,3,4.5
1997,188609,8.5,16
1998,184455,4.4,5.3
1999,180623,2.5,4.5
2000,177838,3.2,5
2001,176280,5.9,7.6
2002,175823,9.8,17
2003,176517,5.9,7.2
2004,178328,7.1,10
2005,181195,4.7,5.6
2006,185182,3.1,5.4
2007,190229,5.3,6.7
2008,195970,5.3,7.2
2009,201921,5.3,7.7
1990,14890341,11,15
1991,14993190,10,13
1992,15101062,11,15
1993,15210799,12,17
1994,15318124,14,21
1995,15420000,12,17
1996,15514794,12,18
1997,15603344,11,15
1998,15688091,9.8,12
1999,15772758,10,14
2000,15859863,9,11
2001,15950214,10,14
2002,16042368,9.7,14
2003,16133907,9.3,13
2004,16221364,9.3,14
2005,16302242,8,10
2006,16375813,7,8.6
2007,16442848,6.5,7.7
2008,16504193,6.7,8.5
2009,16561282,7.9,12
2010,16615243,7.2,10
2011,16666206,6.8,9.2
2012,16714018,6.3,8.2
1990,168537,98,123
1991,172278,93,124
1992,176318,91,129
1993,180569,66,75
1994,184903,60,69
1995,189220,53,59
1996,193493,62,85
1997,197726,51,64
1998,201899,51,68
1999,205997,44,54
2000,210010,51,79
2001,213919,33,37
2002,217720,34,46
2003,221432,20,28
2004,225088,31,46
2005,228714,24,29
2006,232317,25,33
2007,235889,23,29
2008,239429,24,33
2009,242926,26,37
2010,246379,23,31
2011,249786,24,33
2012,253155,17,21
1990,3397983,12,17
1991,3446005,11,16
1992,3503125,10,14
1993,3564531,8.8,11
1994,3623421,11,16
1995,3675060,12,18
1996,3717342,11,15
1997,3752131,9.8,12
1998,3783470,11,15
1999,3817367,13,21
2000,3858032,10,13
2001,3906817,11,15
2002,3961937,9.5,12
2003,4020706,12,19
2004,4079075,10,15
2005,4134117,9.2,12
2006,4185020,9.5,13
2007,4232734,7.4,9
2008,4278186,7.8,10
2009,4322941,7.9,11
2010,4368136,7.9,11
2011,4413923,7.9,11
2012,4459852,7.6,10
1990,4137788,108,183
1991,4237154,103,172
1992,4342319,98,162
1993,4450371,94,153
1994,4557125,89,144
1995,4659458,85,137
1996,4756631,81,130
1997,4849272,78,123
1998,4937320,74,117
1999,5021079,71,112
2000,5100920,68,108
2001,5176685,64,104
2002,5248577,62,99
2003,5317878,59,95
2004,5386299,56,90
2005,5455219,53,85
2006,5524927,51,78
2007,5595533,49,72
2008,5667983,46,65
2009,5743329,44,58
2010,5822209,42,50
2011,5905146,40,53
2012,5991733,38,55
1990,7753907,358,839
1991,8004058,352,825
1992,8270248,331,774
1993,8552812,310,722
1994,8851763,286,660
1995,9167078,270,620
1996,9499605,253,570
1997,9849621,236,521
1998,10215806,218,471
1999,10596258,204,432
2000,10989815,191,396
2001,11396434,178,361
2002,11817297,168,334
2003,12254040,159,307
2004,12708897,150,283
2005,13183798,142,261
2006,13679705,136,243
2007,14197289,129,226
2008,14737895,123,211
2009,15302948,119,199
2010,15893746,113,187
2011,16511462,108,176
2012,17157042,104,166
1990,95617350,128,302
1991,98085373,129,304
1992,100592242,130,305
1993,103144749,132,306
1994,105752796,135,312
1995,108424827,139,311
1996,111166210,143,311
1997,113979481,149,312
1998,116867371,157,319
1999,119831888,165,327
2000,122876727,172,326
2001,126004992,178,334
2002,129224641,182,327
2003,132550146,182,322
2004,135999250,180,314
2005,139585891,175,298
2006,143314909,168,280
2007,147187353,158,261
2008,151208080,145,233
2009,155381020,130,206
2010,159707780,133,210
2011,164192925,118,181
2012,168833776,108,161
1990,2332,0,43
1991,2291,51,69
1992,2259,102,194
1993,2232,52,68
1994,2203,104,202
1995,2167,0,45
1996,2122,108,219
1997,2069,0,35
1998,2010,0,31
1999,1952,59,100
2000,1900,0,47
2001,1852,0,51
2002,1809,254,575
2003,1768,0,42
2004,1728,0,35
2005,1686,0,26
2006,1643,0,15
2007,1600,0,10
2008,1555,0,11
2009,1511,0,14
2010,1468,0,20
2011,1426,81,170
2012,1384,37,46
1990,43972,73,86
1991,46719,107,143
1992,49429,156,255
1993,52120,123,162
1994,54817,97,119
1995,57518,96,123
1996,60248,97,125
1997,62939,170,264
1998,65374,171,268
1999,67271,113,130
2000,68434,126,172
2001,68817,97,109
2002,68499,89,98
2003,67562,77,98
2004,66143,92,123
2005,64372,102,163
2006,62235,94,146
2007,59792,85,125
2008,57345,56,78
2009,55278,79,117
2010,53860,68,91
2011,53230,71,101
2012,53305,69,97
1990,4240375,7.7,10
1991,4262367,7.8,11
1992,4285504,7.7,11
1993,4309606,6.8,9.6
1994,4334434,6.4,8.9
1995,4359788,6.2,8.8
1996,4385951,5.7,7.7
1997,4412958,5.3,6.9
1998,4440109,6.3,9.5
1999,4466468,5.5,7.1
2000,4491572,5.7,7.1
2001,4514723,7,10
2002,4536647,6.2,7.8
2003,4560013,8.4,13
2004,4588444,7.1,9.8
2005,4624388,6.9,9
2006,4668989,6.8,8.9
2007,4721080,6.9,9
2008,4777943,7.1,9.5
2009,4835629,8.6,13
2010,4891251,7,9.1
2011,4943754,7.5,10
2012,4993875,7.5,10
1990,1810103,31,44
1991,1885036,27,39
1992,1965586,21,29
1993,2043912,16,21
1994,2109246,17,21
1995,2154600,15,18
1996,2175998,16,22
1997,2177723,16,22
1998,2171135,15,21
1999,2172287,13,16
2000,2192535,17,26
2001,2239025,15,22
2002,2308409,14,20
2003,2389121,12,15
2004,2464001,14,19
2005,2522325,12,14
2006,2554905,15,23
2007,2569739,15,21
2008,2593523,16,23
2009,2663224,14,20
2010,2802768,13,16
2011,3024774,13,17
2012,3314001,13,18
1990,111090879,231,589
1991,114229172,231,590
1992,117291344,231,588
1993,120336722,231,587
1994,123450933,231,585
1995,126689577,231,584
1996,130083700,231,582
1997,133597492,231,578
1998,137139290,231,574
1999,140580398,231,574
2000,143832014,231,573
2001,146857081,231,566
2002,149693684,231,551
2003,152419974,231,531
2004,155151394,231,508
2005,157971415,231,483
2006,160905794,231,456
2007,163928329,231,435
2008,167008083,231,417
2009,170093999,231,402
2010,173149306,231,389
2011,176166353,231,381
2012,179160111,231,376
1990,15089,45,50
1991,15471,52,75
1992,15894,34,96
1993,16345,204,367
1994,16805,325,653
1995,17255,147,197
1996,17695,38,135
1997,18123,110,131
1998,18524,158,237
1999,18878,226,418
2000,19174,156,256
2001,19404,108,147
2002,19575,75,83
2003,19700,61,73
2004,19805,34,54
2005,19907,67,110
2006,20012,80,137
2007,20118,73,106
2008,20228,95,161
2009,20344,125,244
2010,20470,116,221
2011,20606,73,100
2012,20754,24,65
1990,2486776,47,77
1991,2539140,47,72
1992,2592117,47,68
1993,2645922,47,64
1994,2700823,47,60
1995,2757004,47,57
1996,2814525,47,55
1997,2873288,47,52
1998,2933100,47,51
1999,2993685,47,51
2000,3054812,47,52
2001,3116409,47,52
2002,3178450,47,52
2003,3240805,47,53
2004,3303335,47,53
2005,3365929,47,53
2006,3428509,47,52
2007,3491034,47,52
2008,3553480,47,54
2009,3615846,48,56
2010,3678128,48,59
2011,3740282,48,61
2012,3802281,48,64
1990,4157903,308,715
1991,4261797,310,693
1992,4369087,310,667
1993,4480243,310,638
1994,4595761,314,625
1995,4715929,322,620
1996,4841020,326,608
1997,4970823,334,601
1998,5104516,338,591
1999,5240941,344,590
2000,5379226,349,586
2001,5518971,352,578
2002,5660267,354,576
2003,5803302,354,589
2004,5948461,355,595
2005,6095959,358,607
2006,6245797,357,605
2007,6397623,354,600
2008,6550877,333,544
2009,6704829,351,579
2010,6858945,348,568
2011,7012977,346,549
2012,7167010,348,541
1990,4249747,66,98
1991,4360358,63,94
1992,4470934,60,89
1993,4581390,57,85
1994,4691695,54,81
1995,4801834,52,78
1996,4911701,51,76
1997,5021271,50,74
1998,5130723,49,73
1999,5240321,49,72
2000,5350253,49,72
2001,5460621,49,72
2002,5571371,49,71
2003,5682350,49,71
2004,5793330,49,71
2005,5904170,49,70
2006,6014781,49,70
2007,6125285,48,69
2008,6236005,48,68
2009,6347383,47,67
2010,6459721,46,65
2011,6573097,45,64
2012,6687361,45,63
1990,21772035,317,554
1991,22213359,301,503
1992,22649612,285,458
1993,23081735,270,417
1994,23511358,255,385
1995,23939261,242,355
1996,24365985,229,332
1997,24789855,217,315
1998,25206817,205,299
1999,25611482,195,283
2000,26000080,184,268
2001,26372358,174,253
2002,26729909,165,238
2003,27073334,156,224
2004,27403845,148,210
2005,27723281,140,195
2006,28030688,133,181
2007,28328410,126,166
2008,28625628,119,153
2009,28934303,113,140
2010,29262830,106,127
2011,29614887,101,124
2012,29987800,95,121
1990,61948688,393,1003
1991,63476449,386,987
1992,64996507,380,968
1993,66517085,373,948
1994,68050807,366,927
1995,69606539,360,904
1996,71184718,353,880
1997,72780928,347,855
1998,74393147,341,829
1999,76018006,335,803
2000,77651848,329,775
2001,79297756,323,748
2002,80953652,317,719
2003,82604681,312,691
2004,84231329,306,662
2005,85821214,301,633
2006,87366573,295,605
2007,88875548,290,576
2008,90371287,285,548
2009,91886400,280,520
2010,93444322,275,502
2011,95053437,270,484
2012,96706764,265,461
1990,38149944,49,66
1991,38255349,50,68
1992,38342766,50,69
1993,38410794,50,72
1994,38456866,50,71
1995,38479899,48,67
1996,38480234,46,65
1997,38461279,42,58
1998,38428791,40,55
1999,38390217,36,50
2000,38351437,33,44
2001,38314744,30,41
2002,38280547,30,42
2003,38250426,30,45
2004,38225455,26,35
2005,38206337,25,33
2006,38194163,24,33
2007,38189136,24,34
2008,38189735,22,30
2009,38193591,24,35
2010,38198754,21,28
2011,38204598,24,35
2012,38210924,21,28
1990,9899450,72,99
1991,9919947,69,94
1992,9955317,68,93
1993,10001046,63,80
1994,10050045,64,86
1995,10097055,64,85
1996,10140627,60,77
1997,10182158,58,74
1998,10222540,59,82
1999,10263532,52,64
2000,10306192,47,57
2001,10350660,48,62
2002,10395630,48,65
2003,10439031,44,59
2004,10478122,40,49
2005,10510967,36,44
2006,10536701,35,44
2007,10555902,32,39
2008,10569881,31,37
2009,10580673,30,37
2010,10589792,27,32
2011,10597629,26,32
2012,10603804,26,34
1990,3517984,5.2,6.1
1991,3551582,7.8,11
1992,3586848,8,11
1993,3622652,8.1,11
1994,3657368,8.6,12
1995,3689649,8.2,11
1996,3719446,6.9,8
1997,3746634,7.9,11
1998,3769718,6.1,7.5
1999,3786884,6.1,8.1
2000,3796981,5.3,7
2001,3799358,3.7,4.3
2002,3794728,3.9,4.8
2003,3785058,3.5,4.1
2004,3773147,3.7,4.2
2005,3761143,3.5,4
2006,3749763,3.4,4.5
2007,3738829,3,3.7
2008,3728531,2.9,3.6
2009,3718812,1.9,2.3
2010,3709671,2.5,3.2
2011,3701373,1.6,1.9
2012,3694237,2.2,3
1990,476517,44,59
1991,485129,46,59
1992,489606,46,56
1993,491996,47,53
1994,495106,57,77
1995,501154,70,107
1996,512476,58,77
1997,529491,46,53
1998,550367,53,65
1999,572155,52,65
2000,593693,54,72
2001,611808,53,72
2002,629745,51,67
2003,660238,48,67
2004,720383,43,57
2005,821159,46,64
2006,967602,40,52
2007,1152459,40,52
2008,1359114,48,74
2009,1564082,46,69
2010,1749713,38,47
2011,1910902,33,41
2012,2050514,41,60
1990,42972254,171,223
1991,43364294,153,219
1992,43720846,126,214
1993,44048595,123,210
1994,44356925,99,206
1995,44652994,108,202
1996,44940974,101,199
1997,45220543,84,195
1998,45489131,88,191
1999,45742103,81,187
2000,45977210,54,184
2001,46192932,93,180
2002,46393993,87,177
2003,46591762,91,174
2004,46801310,85,170
2005,47033082,105,167
2006,47291491,102,164
2007,47572585,101,161
2008,47867970,97,158
2009,48164969,103,155
2010,48453931,105,152
2011,48732640,109,149
2012,49002683,108,146
1990,4364114,54,79
1991,4375448,65,106
1992,4379153,77,134
1993,4374636,88,160
1994,4361360,99,184
1995,4339081,109,206
1996,4308050,118,226
1997,4268774,126,243
1998,4221726,134,256
1999,4167552,140,258
2000,4107184,147,254
2001,4040579,155,258
2002,3969040,163,261
2003,3896494,170,258
2004,3827963,174,253
2005,3767077,175,252
2006,3715541,175,252
2007,3672638,175,253
2008,3636510,173,251
2009,3604078,170,249
2010,3573024,166,245
2011,3542928,161,242
2012,3514381,160,249
1990,23372101,146,287
1991,23355868,158,309
1992,23293930,168,326
1993,23197350,177,340
1994,23082816,184,349
1995,22963512,189,351
1996,22841943,191,349
1997,22717415,191,341
1998,22596183,189,331
1999,22484940,186,316
2000,22388354,181,295
2001,22310092,175,275
2002,22249564,168,256
2003,22201592,161,237
2004,22158163,154,222
2005,22113264,147,209
2006,22065409,139,197
2007,22015937,132,186
2008,21964962,124,175
2009,21913311,116,166
2010,21861476,109,158
2011,21808931,101,151
2012,21754741,94,144
1990,148148752,47,81
1991,148577986,57,96
1992,148798341,68,111
1993,148842678,77,126
1994,148763601,87,149
1995,148602147,96,163
1996,148375246,104,173
1997,148079919,111,181
1998,147715550,117,189
1999,147275875,123,197
2000,146762881,127,206
2001,146170247,132,217
2002,145520813,137,229
2003,144879644,140,235
2004,144331352,139,233
2005,143932966,135,223
2006,143715023,131,211
2007,143652377,126,198
2008,143677033,120,184
2009,143689741,113,168
2010,143617913,106,152
2011,143438152,97,135
2012,143169653,91,121
1990,7214696,290,356
1991,6973664,340,418
1992,6545100,386,476
1993,6066268,498,626
1994,5728464,505,641
1995,5663838,513,655
1996,5929575,518,663
1997,6470628,483,618
1998,7169658,444,568
1999,7853015,380,486
2000,8395577,325,417
2001,8760003,278,356
2002,8987523,238,303
2003,9126167,204,257
2004,9254379,176,217
2005,9429457,181,228
2006,9660946,152,197
2007,9928143,135,175
2008,10222961,120,152
2009,10529668,114,147
2010,10836732,106,136
2011,11144315,94,121
2012,11457801,86,114
1990,40833,0,0.56
1991,41009,2.8,4.5
1992,41360,11,18
1993,41836,16,28
1994,42363,5.4,12
1995,42888,13,17
1996,43391,8,13
1997,43885,31,62
1998,44391,13,17
1999,44938,7.7,9.9
2000,45544,0,7.3
2001,46214,5,5.9
2002,46934,7.4,13
2003,47679,2.4,3.3
2004,48421,4.8,7.9
2005,49139,0,3.7
2006,49823,2.3,4.6
2007,50478,9.1,16
2008,51110,11,22
2009,51731,8.9,17
2010,52352,4.4,5.6
2011,52971,2.2,5.1
2012,53584,4.3,5.1
1990,138180,15,19
1991,140159,17,21
1992,141934,18,23
1993,143592,18,24
1994,145262,19,24
1995,147040,18,24
1996,148962,17,22
1997,150994,16,20
1998,153066,14,18
1999,155073,13,16
2000,156949,12,15
2001,158650,11,14
2002,160217,10,13
2003,161766,10,13
2004,163460,10,12
2005,165407,11,14
2006,167658,11,15
2007,170149,10,13
2008,172734,9.5,11
2009,175200,8.4,8.5
2010,177397,6.9,8.6
2011,179271,5.1,6.1
2012,180870,3.3,4.8
1990,107509,27,66
1991,107811,27,64
1992,108001,27,62
1993,108097,27,60
1994,108129,27,58
1995,108122,27,57
1996,108078,26,56
1997,108001,26,55
1998,107923,26,53
1999,107879,26,52
2000,107897,26,51
2001,107989,26,50
2002,108150,25,50
2003,108353,25,49
2004,108562,25,43
2005,108749,25,45
2006,108908,25,40
2007,109045,25,25
2008,109158,25,32
2009,109249,24,18
2010,109316,24,32
2011,109357,24,29
2012,109373,24,24
1990,162865,36,53
1991,164073,35,51
1992,165568,33,49
1993,167206,32,47
1994,168786,31,45
1995,170158,30,44
1996,171276,28,42
1997,172191,27,41
1998,172979,26,39
1999,173758,25,37
2000,174614,23,34
2001,175567,22,31
2002,176592,21,29
2003,177677,20,26
2004,178794,19,25
2005,179928,18,25
2006,181073,17,26
2007,182240,17,27
2008,183444,17,27
2009,184704,17,28
2010,186029,17,29
2011,187429,17,29
2012,188889,18,30
1990,24135,4.8,7
1991,24441,4.7,7.1
1992,24766,9.2,14
1993,25093,14,26
1994,25402,9.1,15
1995,25680,9,15
1996,25914,0,4.5
1997,26114,4.4,7.1
1998,26321,0,1.9
1999,26594,0,1.6
2000,26969,4.3,8.5
2001,27467,0,1.8
2002,28064,4.1,7.9
2003,28700,4,7.5
2004,29290,0,2
2005,29775,1.5,1.8
2006,30130,1.5,1.7
2007,30377,1.5,1.8
2008,30549,1.5,1.9
2009,30698,1.5,2
2010,30861,1.5,2
2011,31048,1.5,2
2012,31247,1.5,2
1990,117395,135,258
1991,120154,133,258
1992,122929,131,256
1993,125628,129,254
1994,128135,126,250
1995,130378,124,244
1996,132323,122,238
1997,134029,120,232
1998,135650,118,220
1999,137396,116,194
2000,139428,114,159
2001,141783,112,134
2002,144447,110,134
2003,147455,108,139
2004,150842,106,138
2005,154615,105,128
2006,158806,103,121
2007,163390,101,129
2008,168253,99,135
2009,173240,98,142
2010,178228,96,149
2011,183177,94,154
2012,188098,93,159
1990,16206078,17,25
1991,16739895,15,19
1992,17263613,13,15
1993,17758096,15,19
1994,18197011,16,19
1995,18567343,17,21
1996,18848350,18,23
1997,19060850,19,24
1998,19282965,19,25
1999,19620692,21,28
2000,20144584,20,26
2001,20891594,18,23
2002,21825217,18,22
2003,22852333,17,21
2004,23839231,16,19
2005,24690067,16,21
2006,25371936,17,22
2007,25915624,18,23
2008,26366358,18,23
2009,26796375,17,23
2010,27258387,19,28
2011,27761728,16,22
2012,28287855,15,17
1990,7514110,138,249
1991,7749606,139,247
1992,7990968,141,248
1993,8234586,145,254
1994,8475766,149,261
1995,8711528,153,269
1996,8940298,158,279
1997,9164050,160,284
1998,9387783,158,280
1999,9618564,158,278
2000,9861679,155,273
2001,10119118,151,264
2002,10390050,149,256
2003,10673535,146,248
2004,10967568,144,242
2005,11270826,142,234
2006,11582925,140,228
2007,11904974,138,222
2008,12238791,140,225
2009,12586827,133,208
2010,12950564,137,217
2011,13330737,136,217
2012,13726021,137,219
1990,10350030,68,111
1991,10472838,67,113
1992,10620036,67,117
1993,10772056,67,118
1994,10901653,65,115
1995,10989446,61,108
1996,11028631,60,106
1997,11025594,59,104
1998,10990409,57,103
1999,10939047,52,90
2000,10883641,46,71
2001,10826817,48,73
2002,10766194,45,62
2003,10703165,50,71
2004,10638276,40,44
2005,9956359,37,51
2006,9889237,37,51
2007,9823743,34,46
2008,9760977,32,44
2009,9701912,30,42
2010,9647109,28,38
2011,9597413,26,36
2012,9552553,23,31
1990,69474,43,50
1991,70307,43,61
1992,71489,42,69
1993,72873,41,75
1994,74239,40,77
1995,75433,40,79
1996,76391,39,76
1997,77173,38,70
1998,77891,38,64
1999,78720,37,60
2000,79774,37,57
2001,81093,36,55
2002,82611,35,56
2003,84218,35,62
2004,85751,34,60
2005,87094,33,61
2006,88210,33,62
2007,89134,32,62
2008,89902,32,63
2009,90577,31,49
2010,91208,31,52
2011,91799,30,42
2012,92339,30,39
1990,4042678,207,507
1991,4053257,208,493
1992,4031730,208,482
1993,3991434,209,469
1994,3951544,210,462
1995,3927105,212,454
1996,3919708,215,453
1997,3928313,221,458
1998,3961869,229,470
1999,4030443,243,493
2000,4139757,264,537
2001,4295667,294,599
2002,4493047,335,683
2003,4712763,386,793
2004,4928175,445,915
2005,5119895,503,1027
2006,5280909,554,1123
2007,5416015,596,1193
2008,5532139,626,1237
2009,5641182,646,1270
2010,5751976,660,1287
2011,5865491,668,1294
2012,5978727,674,1304
1990,3016404,61,82
1991,3100095,68,100
1992,3193046,64,88
1993,3291284,64,88
1994,3389124,57,70
1995,3482640,62,84
1996,3570085,63,87
1997,3653156,62,87
1998,3735537,65,97
1999,3822625,54,73
2000,3918189,51,68
2001,4023284,44,55
2002,4136239,42,55
2003,4254766,43,61
2004,4375413,37,51
2005,4495537,35,47
2006,4614310,33,43
2007,4732065,33,44
2008,4848676,37,53
2009,4964312,35,47
2010,5078969,35,45
2011,5192183,36,44
2012,5303264,50,73
2010,42519,8.1,11
2011,43451,5.3,7.4
2012,44355,2.6,3.3
1990,5277709,32,36
1991,5298036,35,48
1992,5317386,37,54
1993,5335164,39,58
1994,5350537,38,57
1995,5362950,33,46
1996,5372351,32,46
1997,5379101,28,37
1998,5383590,27,39
1999,5386384,23,31
2000,5388010,22,28
2001,5388448,21,29
2002,5387913,21,30
2003,5387441,21,32
2004,5388338,14,18
2005,5391489,15,21
2006,5397396,14,20
2007,5405718,13,19
2008,5415434,12,18
2009,5425044,9.7,13
2010,5433437,8.7,11
2011,5440253,8,11
2012,5445757,6.8,9.5
1990,2003772,41,60
1991,2005157,33,41
1992,2003358,37,52
1993,1999549,37,55
1994,1995314,30,39
1995,1991848,30,41
1996,1989709,33,49
1997,1988790,28,38
1998,1988806,26,36
1999,1989178,24,34
2000,1989545,21,28
2001,1989732,21,29
2002,1990090,20,28
2003,1991368,16,22
2004,1994578,14,19
2005,2000349,15,23
2006,2009036,12,15
2007,2020156,12,17
2008,2032470,12,17
2009,2044248,10,15
2010,2054232,9.5,13
2011,2061952,10,15
2012,2067717,7.5,9
1990,311849,312,619
1991,320764,296,586
1992,329984,281,555
1993,339490,267,526
1994,349250,253,500
1995,359236,240,473
1996,369439,228,450
1997,379861,216,427
1998,390493,205,405
1999,401323,195,385
2000,412336,185,364
2001,423529,175,344
2002,434880,166,319
2003,446335,158,295
2004,457827,150,273
2005,469306,142,251
2006,480745,135,231
2007,492148,128,214
2008,503541,121,198
2009,514964,115,184
2010,526447,108,171
2011,537997,103,160
2012,549598,97,151
1990,6321615,285,732
1991,6319531,285,718
1992,6294017,285,704
1993,6269244,285,690
1994,6278911,285,676
1995,6346440,285,663
1996,6481035,285,654
1997,6673254,285,642
1998,6904978,285,629
1999,7149044,285,619
2000,7385416,285,604
2001,7609265,285,592
2002,7825924,285,576
2003,8037706,285,559
2004,8249965,285,544
2005,8466938,285,537
2006,8687671,285,536
2007,8910851,285,536
2008,9140259,285,541
2009,9380854,285,546
2010,9636173,286,555
2011,9907903,286,566
2012,10195134,286,581
1990,36793490,301,475
1991,37693622,301,475
1992,38649664,302,473
1993,39623496,305,461
1994,40561776,309,444
1995,41426810,317,427
1996,42204043,332,415
1997,42906581,360,417
1998,43558285,406,443
1999,44195890,479,496
2000,44846286,576,568
2001,45513217,683,644
2002,46187794,780,694
2003,46869028,852,722
2004,47553025,898,736
2005,48235291,925,748
2006,48919359,940,748
2007,49602778,948,753
2008,50267488,960,761
2009,50889543,971,795
2010,51452352,981,803
2011,51949041,993,831
2012,52385920,1003,857
2011,10381110,146,268
2012,10837527,146,257
1990,38883045,22,28
1991,38972944,27,37
1992,39079959,29,41
1993,39196948,28,38
1994,39312212,27,35
1995,39420568,26,33
1996,39513721,24,30
1997,39603778,27,38
1998,39729942,26,36
1999,39944692,24,32
2000,40282828,23,30
2001,40756675,19,22
2002,41346738,20,25
2003,42015864,27,42
2004,42710301,16,20
2005,43387477,19,25
2006,44038456,20,27
2007,44664067,19,24
2008,45243381,20,27
2009,45754265,19,26
2010,46182038,17,22
2011,46514117,16,21
2012,46754541,14,17
1990,17323977,66,118
1991,17532866,66,121
1992,17733304,66,122
1993,17921207,66,124
1994,18091477,66,124
1995,18241711,66,125
1996,18367795,66,124
1997,18473862,66,123
1998,18575763,66,121
1999,18695041,66,119
2000,18846401,66,115
2001,19037119,66,112
2002,19260853,66,110
2003,19501969,66,109
2004,19737578,66,109
2005,19951291,66,108
2006,20137560,66,108
2007,20301912,66,107
2008,20452387,66,107
2009,20601663,66,107
2010,20758779,66,108
2011,20925532,66,108
2012,21098099,66,109
1990,25773020,170,386
1991,26539208,167,360
1992,27360740,166,342
1993,28220914,163,324
1994,29094529,160,307
1995,29963988,158,296
1996,30824141,154,288
1997,31682982,152,284
1998,32551853,149,281
1999,33447666,147,272
2000,34382782,144,262
2001,35359265,142,253
2002,36373247,140,246
2003,37423884,137,239
2004,38508752,135,235
2005,39625222,133,226
2006,40774428,129,219
2007,41954986,126,217
2008,43158451,124,217
2009,44373749,121,213
2010,45592931,119,210
2011,36430923,117,209
2012,37195349,114,207
1990,406764,63,129
1991,412884,71,144
1992,418700,78,154
1993,424326,84,158
1994,429968,88,160
1995,435776,92,157
1996,441734,94,154
1997,447771,95,149
1998,453920,94,144
1999,460215,91,136
2000,466668,86,128
2001,473312,82,121
2002,480099,76,112
2003,486867,71,106
2004,493394,67,100
2005,499523,63,94
2006,505186,59,88
2007,510433,56,82
2008,515372,52,77
2009,520173,49,71
2010,524960,46,66
2011,529761,44,62
2012,534541,41,58
1990,862728,267,397
1991,887248,264,378
1992,907947,261,351
1993,926224,269,333
1994,944223,294,336
1995,963428,337,357
1996,984506,397,384
1997,1006760,472,416
1998,1028694,568,455
1999,1048151,685,515
2000,1063715,803,573
2001,1074761,911,624
2002,1082183,1000,668
2003,1087929,1072,691
2004,1094758,1120,673
2005,1104642,1147,666
2006,1118253,1171,696
2007,1134977,1198,737
2008,1153929,1227,749
2009,1173678,1257,757
2010,1193148,1287,751
2011,1212159,1317,870
2012,1230985,1349,907
1990,8559107,7.5,10
1991,8616535,7,8.9
1992,8677787,8.1,12
1993,8737500,8.1,12
1994,8788696,7,9.6
1995,8826720,7.3,11
1996,8849420,6.5,8.7
1997,8859106,5.9,7.8
1998,8861204,5.8,7.9
1999,8863595,6.2,9.3
2000,8872284,5.4,7.5
2001,8888444,5.1,6.8
2002,8911156,4.8,6.1
2003,8941754,5.1,6.7
2004,8981282,5.5,7.5
2005,9030163,6.9,11
2006,9089677,6.2,8.7
2007,9159155,5.8,7.3
2008,9234561,6.4,8.7
2009,9310295,7.7,12
2010,9382297,7.6,11
2011,9448965,6.6,8.4
2012,9511313,7.2,9.6
1990,6673920,22,31
1991,6739995,19,27
1992,6814186,17,22
1993,6890300,16,20
1994,6959860,15,21
1995,7017042,14,18
1996,7059633,12,16
1997,7090176,12,17
1998,7113505,12,18
1999,7136813,12,17
2000,7165581,9.3,12
2001,7200783,8.8,11
2002,7241511,9.4,13
2003,7289079,9,13
2004,7344597,8.6,12
2005,7408608,8,11
2006,7482167,7.3,9.6
2007,7564712,6.4,7.6
2008,7653062,7,9.3
2009,7742768,7.5,11
2010,7830534,7.5,11
2011,7915200,7.6,11
2012,7997399,6,7.1
1990,12451539,61,86
1991,12818302,57,82
1992,13187960,54,78
1993,13562742,51,73
1994,13945646,49,69
1995,14338240,46,65
1996,14746306,43,60
1997,15168523,41,56
1998,15591261,39,51
1999,15995760,37,47
2000,16371208,35,43
2001,16700984,33,40
2002,16994676,31,37
2003,17298476,29,36
2004,17676012,28,34
2005,18167367,26,33
2006,18804914,25,31
2007,19561477,24,30
2008,20346056,22,28
2009,21031546,21,27
2010,21532647,20,26
2011,21804363,19,25
2012,21889682,18,24
1990,5297286,70,115
1991,5417554,84,160
1992,5523207,99,205
1993,5616797,115,248
1994,5702611,132,291
1995,5784330,148,332
1996,5862347,166,372
1997,5937177,185,414
1998,6012933,201,444
1999,6094661,213,465
2000,6186152,220,476
2001,6289340,221,469
2002,6404118,218,448
2003,6529609,214,431
2004,6663929,208,408
2005,6805655,200,382
2006,6954522,195,362
2007,7111025,192,350
2008,7275252,190,341
2009,7447396,190,338
2010,7627326,191,340
2011,7814850,193,350
2012,8008990,,
1990,56582726,138,227
1991,57184324,132,215
1992,57661001,130,215
1993,58069612,129,216
1994,58491145,129,216
1995,58983954,130,217
1996,59562136,134,228
1997,60206941,142,246
1998,60903042,150,260
1999,61623143,161,276
2000,62343379,171,286
2001,63069070,173,285
2002,63797841,174,280
2003,64488338,171,271
2004,65087400,164,254
2005,65559487,154,236
2006,65883961,147,222
2007,66076927,141,208
2008,66185340,139,202
2009,66277335,132,187
2010,66402316,128,179
2011,66576332,124,168
2012,66785001,119,159
1990,2009710,81,167
1991,2004813,76,136
1992,1993080,71,108
1993,1978999,66,84
1994,1968851,62,71
1995,1967013,58,81
1996,1975207,54,84
1997,1991687,51,81
1998,2013117,47,77
1999,2034487,44,70
2000,2052129,41,61
2001,2065098,39,53
2002,2074441,36,47
2003,2080866,34,41
2004,2085728,32,36
2005,2090044,30,33
2006,2093801,28,31
2007,2096620,26,29
2008,2098769,24,27
2009,2100558,23,26
2010,2102216,21,26
2011,2103890,20,25
2012,2105575,18,26
2002,899367,498,817
2003,933369,498,759
2004,966987,498,726
2005,995619,498,722
2006,1018013,498,766
2007,1035706,498,789
2008,1050244,498,753
2009,1064191,498,687
2010,1079450,498,666
2011,1096293,498,689
2012,1114106,498,758
1990,3787602,47,71
1991,3887716,49,75
1992,3985364,51,79
1993,4082422,53,84
1994,4181481,55,88
1995,4284497,58,92
1996,4392177,61,96
1997,4504291,64,101
1998,4620710,66,105
1999,4740974,69,110
2000,4864753,72,114
2001,4992225,74,116
2002,5123674,76,115
2003,5258956,77,113
2004,5397851,77,110
2005,5540214,77,107
2006,5685845,76,104
2007,5834806,74,100
2008,5987491,73,98
2009,6144457,69,90
2010,6306014,73,99
2011,6472304,73,102
2012,6642928,73,104
1990,1609,72,85
1991,1583,65,78
1992,1558,59,71
1993,1538,52,66
1994,1524,45,60
1995,1520,39,54
1996,1529,33,50
1997,1548,27,46
1998,1566,22,42
1999,1571,17,38
2000,1552,13,32
2001,1504,9.1,23
2002,1434,5.8,14
2003,1351,3,7.4
2004,1272,0.53,1.3
2005,1210,0,0.26
2006,1167,0,0.57
2007,1141,0,0.27
2008,1130,0,
2009,1129,0,
2010,1135,0,
2011,1148,0,
2012,1169,0,
1990,95165,38,59
1991,95321,37,56
1992,95443,36,53
1993,95560,35,51
1994,95712,34,49
1995,95928,33,46
1996,96218,32,45
1997,96574,31,44
1998,96991,30,42
1999,97457,29,41
2000,97962,28,39
2001,98504,27,38
2002,99083,26,36
2003,99691,25,35
2004,100319,24,34
2005,100960,22,32
2006,101617,21,31
2007,102289,20,32
2008,102947,19,31
2009,103557,18,29
2010,104098,17,28
2011,104554,16,27
2012,104941,14,26
1990,1221904,11,17
1991,1229906,13,20
1992,1237486,13,18
1993,1244410,10,14
1994,1250316,12,15
1995,1255001,15,19
1996,1258365,19,25
1997,1260677,24,35
1998,1262544,18,22
1999,1264781,14,17
2000,1267980,18,23
2001,1272347,19,24
2002,1277723,12,14
2003,1283868,13,14
2004,1290379,16,19
2005,1296933,15,15
2006,1303478,20,27
2007,1310040,19,22
2008,1316449,24,31
2009,1322518,24,29
2010,1328095,19,20
2011,1333082,19,20
2012,1337439,24,28
1990,8135302,29,39
1991,8319297,30,41
1992,8499285,30,42
1993,8672158,31,43
1994,8834117,31,43
1995,8982649,31,43
1996,9116617,30,42
1997,9237249,29,40
1998,9347451,27,38
1999,9451481,26,36
2000,9552776,25,35
2001,9652120,24,34
2002,9749636,24,33
2003,9847323,23,32
2004,9947369,23,32
2005,10051352,23,33
2006,10160243,24,34
2007,10273932,25,35
2008,10391460,25,36
2009,10511204,27,37
2010,10631830,28,39
2011,10753073,30,41
2012,10874915,31,41
1990,53994605,52,51
1991,54911233,53,51
1992,55815175,52,50
1993,56713073,50,50
1994,57613441,47,56
1995,58522320,45,58
1996,59442502,39,56
1997,60372413,49,56
1998,61308204,48,49
1999,62243779,41,47
2000,63174483,33,45
2001,64100297,31,42
2002,65022300,32,38
2003,65938265,31,34
2004,66845635,30,30
2005,67743052,34,28
2006,68626337,33,26
2007,69496513,31,25
2008,70363511,29,25
2009,71241080,27,25
2010,72137546,25,24
2011,73058638,24,24
2012,73997128,22,23
1990,3668000,95,152
1991,3772350,107,186
1992,3881973,120,218
1993,3991917,133,248
1994,4095512,145,277
1995,4188010,157,302
1996,4267690,169,326
1997,4335991,182,351
1998,4395293,192,371
1999,4449427,201,387
2000,4501419,209,400
2001,4551762,211,404
2002,4600171,208,398
2003,4648037,199,383
2004,4696876,188,364
2005,4747839,175,333
2006,4801595,159,297
2007,4858236,145,264
2008,4917543,131,233
2009,4978962,117,199
2010,5041995,103,166
2011,5106668,89,133
2012,5172931,75,99
1990,11550,0,
1991,12205,0,
1992,12970,0,11
1993,13793,0,25
1994,14597,18,37
1995,15334,36,47
1996,15967,55,64
1997,16527,73,98
1998,17114,91,137
1999,17866,109,189
2000,18876,63,86
2001,20186,17,47
2002,21740,16,39
2003,23412,29,37
2004,25025,29,45
2005,26450,29,47
2006,27642,29,47
2007,28638,27,42
2008,29481,26,37
2009,30247,24,31
2010,30993,22,24
2011,31726,33,47
2012,32427,28,32
1990,9004,536,921
1991,9056,515,863
1992,9103,494,814
1993,9148,475,772
1994,9188,456,740
1995,9227,437,711
1996,9264,420,691
1997,9298,403,681
1998,9334,387,669
1999,9374,372,649
2000,9419,357,626
2001,9471,343,604
2002,9530,329,574
2003,9590,316,538
2004,9646,303,504
2005,9694,291,480
2006,9732,279,460
2007,9764,230,343
2008,9788,217,315
2009,9808,229,348
2010,9827,178,222
2011,9844,152,176
2012,9860,241,377
1990,17534839,624,492
1991,18156095,610,470
1992,18788440,594,450
1993,19430461,578,440
1994,20081152,560,430
1995,20740726,542,429
1996,21407693,523,419
1997,22084527,502,412
1998,22780451,478,402
1999,23507800,453,394
2000,24275641,427,380
2001,25088033,400,362
2002,25943441,374,349
2003,26838428,350,332
2004,27766986,326,311
2005,28724869,304,305
2006,29711397,283,289
2007,30728747,263,253
2008,31778799,244,234
2009,32864328,226,222
2010,33987213,209,207
2011,35148064,193,192
2012,36345860,179,175
1990,51658594,45,65
1991,51678509,50,83
1992,51647501,55,97
1993,51555398,61,110
1994,51390495,68,123
1995,51146967,74,135
1996,50821019,82,148
1997,50421998,90,163
1998,49974187,97,172
1999,49510626,103,171
2000,49057226,108,164
2001,48620596,113,161
2002,48200504,117,161
2003,47807199,120,158
2004,47450472,121,158
2005,47135932,121,159
2006,46871328,120,161
2007,46653183,117,158
2008,46461350,112,152
2009,46267306,110,152
2010,46050220,105,149
2011,45802721,99,144
2012,45529944,93,137
1990,1806498,12,22
1991,1908002,12,22
1992,2012977,12,22
1993,2121143,12,22
1994,2232159,12,22
1995,2346305,12,22
1996,2470810,12,22
1997,2608993,12,22
1998,2753498,12,22
1999,2893648,12,22
2000,3026352,12,22
2001,3132104,4.7,5.4
2002,3223969,5.6,9.4
2003,3369254,6.9,14
2004,3658658,5,10
2005,4148883,5,11
2006,4875639,3.7,7.4
2007,5797347,3.3,6.6
2008,6798635,2.7,5.2
2009,7718319,3,6.2
2010,8441537,3.1,6.2
2011,8925096,2.3,4.2
2012,9205651,1.7,2.4
1990,57214478,12,15
1991,57367467,12,16
1992,57520270,12,17
1993,57674335,13,18
1994,57832501,12,16
1995,57997197,12,16
1996,58168519,12,16
1997,58346633,12,17
1998,58534306,12,16
1999,58735006,12,16
2000,58951444,12,16
2001,59183774,11,14
2002,59431937,13,18
2003,59697954,13,18
2004,59984118,13,17
2005,60291414,15,21
2006,60620907,15,21
2007,60970360,15,19
2008,61333257,15,20
2009,61700797,16,23
2010,62066350,14,18
2011,62426923,15,20
2012,62783115,15,20
1990,25484814,226,368
1991,26337403,226,336
1992,27236099,226,309
1993,28157055,226,287
1994,29067333,226,268
1995,29944302,226,254
1996,30780453,226,241
1997,31586039,226,231
1998,32378333,228,228
1999,33183093,232,230
2000,34020512,236,234
2001,34895398,239,239
2002,35806497,239,241
2003,36760831,235,238
2004,37765139,225,226
2005,38824384,213,211
2006,39942347,200,198
2007,41119693,192,195
2008,42353790,190,201
2009,43639752,183,193
2010,44973330,177,190
2011,46354607,169,183
2012,47783107,165,176
1990,254506647,12,15
1991,257076988,12,16
1992,259652287,12,16
1993,262290373,11,15
1994,265070064,11,14
1995,268039654,9.8,13
1996,271231546,9,12
1997,274606475,8.3,11
1998,278053607,7.6,9.9
1999,281419130,7.2,9.5
2000,284594395,6.6,8.6
2001,287532638,6.4,8.5
2002,290270187,6,7.8
2003,292883010,5.8,7.7
2004,295487267,5.6,7.4
2005,298165797,5.4,7.2
2006,300942917,5.3,7
2007,303786752,5,6.7
2008,306657153,4.8,6.5
2009,309491893,4.3,5.5
2010,312247116,4.1,5.3
2011,314911752,3.8,5
2012,317505266,3.6,4.7
1990,3109941,33,48
1991,3131936,28,37
1992,3154657,25,33
1993,3177867,25,33
1994,3201235,24,32
1995,3224383,22,28
1996,3247585,25,35
1997,3270549,25,35
1998,3291677,23,31
1999,3308884,22,28
2000,3320841,22,29
2001,3326762,24,32
2002,3327500,19,21
2003,3325411,22,29
2004,3323822,25,35
2005,3325155,22,27
2006,3330217,19,21
2007,3338384,21,25
2008,3348898,24,30
2009,3360431,24,30
2010,3371982,24,29
2011,3383486,28,36
2012,3395253,27,34
1990,103253,4.5,5.6
1991,103613,4.4,5.2
1992,104342,6,7.4
1993,105293,8,12
1994,106241,11,18
1995,107018,4.3,7.3
1996,107589,8.6,12
1997,108002,7.7,9.9
1998,108271,7.7,9.9
1999,108431,7.7,9.9
2000,108511,7.7,9.9
2001,108511,7.7,9.8
2002,108422,7.7,9.9
2003,108259,7.7,9.9
2004,108034,7.7,9.9
2005,107768,7.7,9.9
2006,107458,7.7,9.9
2007,107116,7.7,9.9
2008,106788,7.7,9.9
2009,106530,7.7,9.9
2010,106382,7.7,9.9
2011,106364,7.7,9.9
2012,106462,7.7,9.9
1990,20555113,125,262
1991,21042262,138,295
1992,21534297,152,329
1993,22023116,167,369
1994,22498069,183,408
1995,22950898,200,447
1996,23381250,219,494
1997,23789736,241,548
1998,24170760,260,591
1999,24517962,276,627
2000,24828562,287,647
2001,25098636,288,642
2002,25334021,283,622
2003,25553928,273,590
2004,25784397,256,542
2005,26044401,233,485
2006,26340696,211,430
2007,26668950,189,379
2008,27023200,167,324
2009,27392784,144,274
2010,27769270,122,227
2011,28151746,101,183
2012,28541423,78,135
1990,146633,127,148
1991,150779,203,352
1992,155242,166,269
1993,159814,95,107
1994,164209,123,179
1995,168236,63,97
1996,171802,98,126
1997,175004,140,233
1998,178074,133,217
1999,181346,88,108
2000,185058,110,166
2001,189285,123,205
2002,193950,69,80
2003,198952,69,90
2004,204135,86,138
2005,209375,83,134
2006,214654,80,129
2007,220001,77,124
2008,225398,74,118
2009,230833,72,92
2010,236299,69,105
2011,241778,67,97
2012,247262,65,89
1990,19740786,35,53
1991,20218813,35,53
1992,20691641,35,54
1993,21160262,35,54
1994,21626607,35,53
1995,22092144,35,53
1996,22556838,35,52
1997,23020184,35,51
1998,23482700,34,51
1999,23945002,34,50
2000,24407553,34,50
2001,24870441,34,50
2002,25333622,34,49
2003,25797219,34,50
2004,26261326,34,50
2005,26725897,34,50
2006,27190882,34,50
2007,27655937,34,49
2008,28120312,33,50
2009,28583040,33,51
2010,29043283,33,52
2011,29500625,33,50
2012,29954782,33,52
1990,68909883,251,525
1991,70402814,244,508
1992,71899198,238,512
1993,73363060,232,492
1994,74747565,226,471
1995,76020043,220,451
1996,77166873,214,429
1997,78199254,209,405
1998,79140734,204,386
1999,80027521,201,369
2000,80887879,197,353
2001,81728768,193,338
2002,82547682,189,325
2003,83352595,185,312
2004,84150651,181,300
2005,84947852,176,288
2006,85747625,172,277
2007,86553201,168,266
2008,87369203,164,256
2009,88199997,159,246
2010,89047397,155,238
2011,89913956,151,227
2012,90795769,147,218
1990,13880,156,201
1991,13912,182,296
1992,13955,33,105
1993,14010,90,115
1994,14074,90,132
1995,14143,49,62
1996,14221,65,92
1997,14309,113,217
1998,14394,58,82
1999,14460,30,54
2000,14497,15,63
2001,14501,7.9,68
2002,14476,151,287
2003,14422,136,244
2004,14344,88,123
2005,14246,57,70
2006,14126,30,62
2007,13988,16,56
2008,13840,35,51
2009,13697,76,131
2010,13565,36,42
2011,13451,17,41
2012,13353,65,117
1990,2081347,6,8.6
1991,2169247,13,22
1992,2265537,8.3,11
1993,2369762,9.7,14
1994,2481112,8.8,11
1995,2598393,8.6,10
1996,2722497,7.7,9.8
1997,2851993,8.6,10
1998,2980563,13,21
1999,3099951,10,14
2000,3204572,10,14
2001,3291620,9.6,13
2002,3363542,8.6,11
2003,3426549,8.5,12
2004,3489743,8.1,12
2005,3559856,6.5,8.1
2006,3638829,5.8,7
2007,3725076,6.6,9.4
2008,3817551,5.2,6.2
2009,3914035,5.5,6.9
2010,4012880,5.3,6.1
2011,4114199,6.3,8.3
2012,4218771,7.6,11
1990,11790249,137,293
1991,12384543,137,277
1992,13040955,137,262
1993,13726827,137,251
1994,14396720,137,243
1995,15018201,137,239
1996,15578640,137,237
1997,16088019,137,239
1998,16564235,130,224
1999,17035531,123,210
2000,17522537,116,198
2001,18029989,108,186
2002,18551068,101,175
2003,19081306,94,165
2004,19612696,87,155
2005,20139661,81,142
2006,20661714,74,130
2007,21182162,67,117
2008,21703571,60,101
2009,22229625,54,88
2010,22763008,49,73
2011,23304206,49,72
2012,23852409,49,70
1990,7844516,710,665
1991,8038236,736,638
1992,8229480,756,625
1993,8423058,772,623
1994,8625477,782,616
1995,8841338,788,605
1996,9073311,790,589
1997,9320089,784,574
1998,9577483,766,555
1999,9839179,742,541
2000,10100981,713,524
2001,10362137,678,501
2002,10625423,645,474
2003,10894519,617,450
2004,11174650,591,431
2005,11470022,566,406
2006,11781612,543,384
2007,12109620,521,376
2008,12456527,500,401
2009,12825031,482,400
2010,13216985,462,387
2011,13633796,444,379
2012,14075099,427,388
1990,10461782,296,323
1991,10733048,328,307
1992,10981267,362,297
1993,11210802,399,285
1994,11428655,439,283
1995,11639364,483,295
1996,11846110,531,313
1997,12045813,579,332
1998,12229500,633,359
1999,12384727,684,378
2000,12503652,726,389
2001,12586763,764,401
2002,12640922,790,411
2003,12673103,804,424
2004,12693047,807,446
2005,12710589,799,473
2006,12724308,782,489
2007,12740160,754,483
2008,12784041,716,445
2009,12888918,668,423
2010,13076978,633,438
2011,13358738,603,458
2012,13724317,562,433
